{"Mean":{"confidence_interval":{"confidence_level":0.95,"lower_bound":931523.3056623914,"upper_bound":939729.5439877837},"point_estimate":935544.6625889754,"standard_error":2091.135270453388},"Median":{"confidence_interval":{"confidence_level":0.95,"lower_bound":927737.2361111111,"upper_bound":938927.6819556451},"point_estimate":932943.7668934241,"standard_error":2603.223136899029},"MedianAbsDev":{"confidence_interval":{"confidence_level":0.95,"lower_bound":13655.816524227499,"upper_bound":21720.74266437973},"point_estimate":17365.22271513048,"standard_error":2001.1440670556694},"Slope":{"confidence_interval":{"confidence_level":0.95,"lower_bound":930889.9801902836,"upper_bound":940041.6844733026},"point_estimate":935463.2838894635,"standard_error":2334.6000730492133},"StdDev":{"confidence_interval":{"confidence_level":0.95,"lower_bound":16662.989043566573,"upper_bound":25691.941912084665},"point_estimate":21083.66052645448,"standard_error":2330.4855864700376}}