{"Mean":{"confidence_interval":{"confidence_level":0.95,"lower_bound":2823.993984529642,"upper_bound":2872.4140001006804},"point_estimate":2847.262752571175,"standard_error":12.360023786987275},"Median":{"confidence_interval":{"confidence_level":0.95,"lower_bound":2826.3260174011757,"upper_bound":2861.8449675324673},"point_estimate":2851.6424459534364,"standard_error":9.828824846251175},"MedianAbsDev":{"confidence_interval":{"confidence_level":0.95,"lower_bound":67.75393278616747,"upper_bound":121.41920869138836},"point_estimate":94.77843987775063,"standard_error":13.155983748497563},"Slope":{"confidence_interval":{"confidence_level":0.95,"lower_bound":2823.409015319516,"upper_bound":2872.4914166831},"point_estimate":2847.2306853362575,"standard_error":12.482386167822217},"StdDev":{"confidence_interval":{"confidence_level":0.95,"lower_bound":91.11132764636096,"upper_bound":159.3844352442323},"point_estimate":124.8128871077934,"standard_error":17.761589946535466}}