{"Mean":{"confidence_interval":{"confidence_level":0.95,"lower_bound":-0.4118348911702499,"upper_bound":-0.3630248861699199},"point_estimate":-0.39295420866662945,"standard_error":0.013765598744472031},"Median":{"confidence_interval":{"confidence_level":0.95,"lower_bound":-0.41348551901488717,"upper_bound":-0.39719792534161724},"point_estimate":-0.41030451889307784,"standard_error":0.004044423807896505}}