{"Mean":{"confidence_interval":{"confidence_level":0.95,"lower_bound":3047812.2408314566,"upper_bound":3079691.5561237372},"point_estimate":3063250.5112518035,"standard_error":8135.8864818603115},"Median":{"confidence_interval":{"confidence_level":0.95,"lower_bound":3049661.012195122,"upper_bound":3066083.375},"point_estimate":3057850.6878350517,"standard_error":3993.08274250722},"MedianAbsDev":{"confidence_interval":{"confidence_level":0.95,"lower_bound":36256.034417145616,"upper_bound":80732.11113340501},"point_estimate":51587.31318414223,"standard_error":11537.578253851181},"Slope":{"confidence_interval":{"confidence_level":0.95,"lower_bound":3050557.810187235,"upper_bound":3081732.7501895595},"point_estimate":3065569.828266588,"standard_error":7979.9207843409495},"StdDev":{"confidence_interval":{"confidence_level":0.95,"lower_bound":61231.55648804433,"upper_bound":101104.90515313693},"point_estimate":81700.24525481864,"standard_error":10229.412155698892}}