{"Mean":{"confidence_interval":{"confidence_level":0.95,"lower_bound":59192224.6366918,"upper_bound":59349342.00230775},"point_estimate":59269578.606482275,"standard_error":40014.85960622836},"Median":{"confidence_interval":{"confidence_level":0.95,"lower_bound":59223363.9448718,"upper_bound":59314297.2},"point_estimate":59278065.52616455,"standard_error":25972.701638868395},"MedianAbsDev":{"confidence_interval":{"confidence_level":0.95,"lower_bound":172692.3448955693,"upper_bound":341238.48308786575},"point_estimate":231240.19503643058,"standard_error":44617.690114116645},"Slope":{"confidence_interval":{"confidence_level":0.95,"lower_bound":59219067.393018,"upper_bound":59357206.79736895},"point_estimate":59285650.91244274,"standard_error":35229.48966599649},"StdDev":{"confidence_interval":{"confidence_level":0.95,"lower_bound":281210.6174970988,"upper_bound":514838.05534739216},"point_estimate":402025.51698359504,"standard_error":59687.2615449116}}