{"Mean":{"confidence_interval":{"confidence_level":0.95,"lower_bound":2924939.455484518,"upper_bound":2951262.885709905},"point_estimate":2938042.2719661784,"standard_error":6710.285483922808},"Median":{"confidence_interval":{"confidence_level":0.95,"lower_bound":2921114.9744318184,"upper_bound":2953613.7209302327},"point_estimate":2941526.730516432,"standard_error":8377.16390974732},"MedianAbsDev":{"confidence_interval":{"confidence_level":0.95,"lower_bound":43283.66349050887,"upper_bound":64215.67050264984},"point_estimate":51876.64657722275,"standard_error":5395.376920453805},"Slope":{"confidence_interval":{"confidence_level":0.95,"lower_bound":2925322.1959452974,"upper_bound":2953311.720834027},"point_estimate":2938730.843103295,"standard_error":7141.376174545032},"StdDev":{"confidence_interval":{"confidence_level":0.95,"lower_bound":53913.08351147187,"upper_bound":79721.75942032639},"point_estimate":67408.3106279797,"standard_error":6603.820657990821}}