{"Mean":{"confidence_interval":{"confidence_level":0.95,"lower_bound":921567092.3080956,"upper_bound":933499838.449085},"point_estimate":927142167.1036966,"standard_error":3061671.7322857035},"Median":{"confidence_interval":{"confidence_level":0.95,"lower_bound":916159348.75,"upper_bound":933978800.7692307},"point_estimate":922777451.5,"standard_error":4345980.175219112},"MedianAbsDev":{"confidence_interval":{"confidence_level":0.95,"lower_bound":2173025.2095911615,"upper_bound":22668597.64647204},"point_estimate":11629444.593702793,"standard_error":4290926.397064749},"Slope":{"confidence_interval":{"confidence_level":0.95,"lower_bound":924389963.8694854,"upper_bound":941300335.0434169},"point_estimate":933965539.4653226,"standard_error":4299914.408707528},"StdDev":{"confidence_interval":{"confidence_level":0.95,"lower_bound":6522228.171436246,"upper_bound":15602916.46969351},"point_estimate":12266629.208408944,"standard_error":2346685.608588371}}