{"Mean":{"confidence_interval":{"confidence_level":0.95,"lower_bound":2247.2434775830866,"upper_bound":2287.1255409925066},"point_estimate":2266.438253273238,"standard_error":10.224974027209909},"Median":{"confidence_interval":{"confidence_level":0.95,"lower_bound":2223.6220499024107,"upper_bound":2283.033766385768},"point_estimate":2263.854272465283,"standard_error":15.853541050087234},"MedianAbsDev":{"confidence_interval":{"confidence_level":0.95,"lower_bound":76.1715323582576,"upper_bound":116.79969678599551},"point_estimate":97.75143226919334,"standard_error":10.254736488175345},"Slope":{"confidence_interval":{"confidence_level":0.95,"lower_bound":2236.979485513649,"upper_bound":2273.296888597035},"point_estimate":2254.77053533091,"standard_error":9.26080773258382},"StdDev":{"confidence_interval":{"confidence_level":0.95,"lower_bound":77.92296320739483,"upper_bound":128.8221207305344},"point_estimate":102.75886743577021,"standard_error":13.227319417902004}}