{"Mean":{"confidence_interval":{"confidence_level":0.95,"lower_bound":1746.0412538125036,"upper_bound":1771.673892042016},"point_estimate":1758.3689213582977,"standard_error":6.547678558517604},"Median":{"confidence_interval":{"confidence_level":0.95,"lower_bound":1745.5163654369894,"upper_bound":1762.6128684546754},"point_estimate":1756.8156774499034,"standard_error":4.240115643986682},"MedianAbsDev":{"confidence_interval":{"confidence_level":0.95,"lower_bound":31.861828987304904,"upper_bound":76.53059909755152},"point_estimate":58.36756957493329,"standard_error":12.94688464805168},"Slope":{"confidence_interval":{"confidence_level":0.95,"lower_bound":1723.5812730450973,"upper_bound":1754.3779800778905},"point_estimate":1737.9354381224614,"standard_error":7.896712177453637},"StdDev":{"confidence_interval":{"confidence_level":0.95,"lower_bound":49.96115282854663,"upper_bound":81.05940334965784},"point_estimate":65.86867288941414,"standard_error":8.022187544467128}}