{"Mean":{"confidence_interval":{"confidence_level":0.95,"lower_bound":3887.503400904896,"upper_bound":3950.2116241346116},"point_estimate":3916.572197625821,"standard_error":15.991665818490533},"Median":{"confidence_interval":{"confidence_level":0.95,"lower_bound":3853.635458167331,"upper_bound":3910.2696337359876},"point_estimate":3872.181534730643,"standard_error":13.394691092682901},"MedianAbsDev":{"confidence_interval":{"confidence_level":0.95,"lower_bound":73.44495367617097,"upper_bound":136.31953091485886},"point_estimate":101.41989471470934,"standard_error":15.447262635420364},"Slope":{"confidence_interval":{"confidence_level":0.95,"lower_bound":3897.0294805940857,"upper_bound":3987.770644580401},"point_estimate":3938.579945740902,"standard_error":23.337852608848756},"StdDev":{"confidence_interval":{"confidence_level":0.95,"lower_bound":105.80142649788863,"upper_bound":224.31475690263346},"point_estimate":161.1105651349662,"standard_error":34.22603642709184}}