{"Mean":{"confidence_interval":{"confidence_level":0.95,"lower_bound":-0.018825281696380387,"upper_bound":0.01059388039301883},"point_estimate":-0.004451768475400519,"standard_error":0.007542258194984391},"Median":{"confidence_interval":{"confidence_level":0.95,"lower_bound":-0.020408857216072884,"upper_bound":0.005327005111258831},"point_estimate":-0.01088443492086888,"standard_error":0.006126281767406759}}