{"Mean":{"confidence_interval":{"confidence_level":0.95,"lower_bound":11662.568068874429,"upper_bound":11904.08856709192},"point_estimate":11776.97862089827,"standard_error":61.98771451794242},"Median":{"confidence_interval":{"confidence_level":0.95,"lower_bound":11500.747848537005,"upper_bound":11732.750770620747},"point_estimate":11597.235793549175,"standard_error":62.23828175791066},"MedianAbsDev":{"confidence_interval":{"confidence_level":0.95,"lower_bound":267.5484296756575,"upper_bound":471.6825233130054},"point_estimate":365.0802122845373,"standard_error":53.417145998024566},"Slope":{"confidence_interval":{"confidence_level":0.95,"lower_bound":11674.934428531677,"upper_bound":11901.443355054244},"point_estimate":11781.648098017691,"standard_error":57.917765063627726},"StdDev":{"confidence_interval":{"confidence_level":0.95,"lower_bound":452.2457294416368,"upper_bound":792.3115746514454},"point_estimate":623.958729598975,"standard_error":87.76939522923664}}