{"Mean":{"confidence_interval":{"confidence_level":0.95,"lower_bound":355141.49538032076,"upper_bound":358196.7880461356},"point_estimate":356624.23266866914,"standard_error":778.9460509392559},"Median":{"confidence_interval":{"confidence_level":0.95,"lower_bound":354107.04347826086,"upper_bound":357053.8282828283},"point_estimate":355000.1117424242,"standard_error":825.5723590407505},"MedianAbsDev":{"confidence_interval":{"confidence_level":0.95,"lower_bound":4220.820925065452,"upper_bound":7156.096150610897},"point_estimate":5788.881922290711,"standard_error":784.1028979440957},"Slope":{"confidence_interval":{"confidence_level":0.95,"lower_bound":354426.0799984792,"upper_bound":357621.2929157106},"point_estimate":355944.0862115167,"standard_error":816.0028747913202},"StdDev":{"confidence_interval":{"confidence_level":0.95,"lower_bound":6221.190534439846,"upper_bound":9223.338869304096},"point_estimate":7826.052824174331,"standard_error":765.662995722809}}