{"Mean":{"confidence_interval":{"confidence_level":0.95,"lower_bound":1129.702203431191,"upper_bound":1151.4336396544281},"point_estimate":1139.829467619957,"standard_error":5.566076534857538},"Median":{"confidence_interval":{"confidence_level":0.95,"lower_bound":1114.6809094290497,"upper_bound":1129.1932992088527},"point_estimate":1121.705001041155,"standard_error":3.3886130936300316},"MedianAbsDev":{"confidence_interval":{"confidence_level":0.95,"lower_bound":20.51382603823571,"upper_bound":39.73295365102014},"point_estimate":28.74908612064112,"standard_error":4.946668394743666},"Slope":{"confidence_interval":{"confidence_level":0.95,"lower_bound":1131.3949010501674,"upper_bound":1155.55692118918},"point_estimate":1142.4414492001385,"standard_error":6.184593398478836},"StdDev":{"confidence_interval":{"confidence_level":0.95,"lower_bound":37.976358456716326,"upper_bound":75.38133062412685},"point_estimate":55.92761904722545,"standard_error":10.128106987066479}}