{"Mean":{"confidence_interval":{"confidence_level":0.95,"lower_bound":1217.9951594974304,"upper_bound":1242.8197237152817},"point_estimate":1230.2061267082893,"standard_error":6.340448488338684},"Median":{"confidence_interval":{"confidence_level":0.95,"lower_bound":1209.059543731897,"upper_bound":1239.962023653088},"point_estimate":1222.5397956409442,"standard_error":7.491512351134751},"MedianAbsDev":{"confidence_interval":{"confidence_level":0.95,"lower_bound":44.78414530586645,"upper_bound":69.54505831131924},"point_estimate":59.306439356533915,"standard_error":6.333387277855327},"Slope":{"confidence_interval":{"confidence_level":0.95,"lower_bound":1212.2455419697376,"upper_bound":1232.1649281977889},"point_estimate":1222.1213142701683,"standard_error":5.075422053891293},"StdDev":{"confidence_interval":{"confidence_level":0.95,"lower_bound":53.22764438944452,"upper_bound":73.52261578693233},"point_estimate":63.87563834614261,"standard_error":5.184599546339042}}