{"Mean":{"confidence_interval":{"confidence_level":0.95,"lower_bound":-0.296286615116128,"upper_bound":-0.28271951967943293},"point_estimate":-0.28954878668968753,"standard_error":0.003440510241769057},"Median":{"confidence_interval":{"confidence_level":0.95,"lower_bound":-0.29529707109574876,"upper_bound":-0.2842439974146711},"point_estimate":-0.29009619715379575,"standard_error":0.0028653052914956773}}