{"Mean":{"confidence_interval":{"confidence_level":0.95,"lower_bound":-0.00686604827514117,"upper_bound":0.015336837957374143},"point_estimate":0.004039463637958374,"standard_error":0.005635956474636674},"Median":{"confidence_interval":{"confidence_level":0.95,"lower_bound":-0.006138215035851168,"upper_bound":0.015979191956219774},"point_estimate":0.005674282269293229,"standard_error":0.005550850190589367}}