{"Mean":{"confidence_interval":{"confidence_level":0.95,"lower_bound":1831.0967797312119,"upper_bound":1860.5163637002174},"point_estimate":1845.4326656211126,"standard_error":7.525952492812782},"Median":{"confidence_interval":{"confidence_level":0.95,"lower_bound":1801.7267053426876,"upper_bound":1876.5851974023296},"point_estimate":1827.6938990825688,"standard_error":21.35337467720906},"MedianAbsDev":{"confidence_interval":{"confidence_level":0.95,"lower_bound":48.386830112036925,"upper_bound":97.565322083332},"point_estimate":81.03771050639514,"standard_error":12.3524620551286},"Slope":{"confidence_interval":{"confidence_level":0.95,"lower_bound":1828.8060795912531,"upper_bound":1859.9118723558836},"point_estimate":1843.907440674726,"standard_error":7.9361269638307705},"StdDev":{"confidence_interval":{"confidence_level":0.95,"lower_bound":62.62336332778977,"upper_bound":89.13245640847822},"point_estimate":75.73495675425022,"standard_error":6.826566622789172}}