{"Mean":{"confidence_interval":{"confidence_level":0.95,"lower_bound":1225817.1618825234,"upper_bound":1245230.6723361716},"point_estimate":1234813.5303299972,"standard_error":4959.625012297673},"Median":{"confidence_interval":{"confidence_level":0.95,"lower_bound":1219485.5594594595,"upper_bound":1227215.6363636365},"point_estimate":1223171.6133893281,"standard_error":2251.749938900357},"MedianAbsDev":{"confidence_interval":{"confidence_level":0.95,"lower_bound":16210.244037077997,"upper_bound":26405.42198273883},"point_estimate":20270.58382614313,"standard_error":2671.462041845903},"Slope":{"confidence_interval":{"confidence_level":0.95,"lower_bound":1221554.6086581897,"upper_bound":1232168.185751329},"point_estimate":1226817.0477818826,"standard_error":2712.239732331751},"StdDev":{"confidence_interval":{"confidence_level":0.95,"lower_bound":31163.359370435286,"upper_bound":66243.45996027223},"point_estimate":49902.917458722266,"standard_error":8973.001568029807}}