{"Mean":{"confidence_interval":{"confidence_level":0.95,"lower_bound":3368.062630339807,"upper_bound":3434.221172694857},"point_estimate":3399.853825277866,"standard_error":16.933432565469676},"Median":{"confidence_interval":{"confidence_level":0.95,"lower_bound":3317.5738227660363,"upper_bound":3401.5154889768232},"point_estimate":3341.667940244621,"standard_error":21.65864525546021},"MedianAbsDev":{"confidence_interval":{"confidence_level":0.95,"lower_bound":73.54836330964018,"upper_bound":151.3444555863205},"point_estimate":107.4491835453624,"standard_error":19.67539223929284},"Slope":{"confidence_interval":{"confidence_level":0.95,"lower_bound":3376.8928974490086,"upper_bound":3437.6028536725858},"point_estimate":3405.8371478829818,"standard_error":15.437992999768502},"StdDev":{"confidence_interval":{"confidence_level":0.95,"lower_bound":127.02002840261682,"upper_bound":209.36946833942625},"point_estimate":170.06204052174388,"standard_error":21.07020630544264}}