{"Mean":{"confidence_interval":{"confidence_level":0.95,"lower_bound":20881664.36874296,"upper_bound":21090426.135998968},"point_estimate":20982572.957881287,"standard_error":53451.85476991515},"Median":{"confidence_interval":{"confidence_level":0.95,"lower_bound":20739616.020676695,"upper_bound":20940466.9},"point_estimate":20872497.408459596,"standard_error":47848.89569411342},"MedianAbsDev":{"confidence_interval":{"confidence_level":0.95,"lower_bound":302598.60520780104,"upper_bound":501730.83885886346},"point_estimate":396696.4334944291,"standard_error":49084.98394911422},"Slope":{"confidence_interval":{"confidence_level":0.95,"lower_bound":20766012.70203545,"upper_bound":20954939.110206872},"point_estimate":20855315.029812325,"standard_error":48033.79237857581},"StdDev":{"confidence_interval":{"confidence_level":0.95,"lower_bound":423069.6263318142,"upper_bound":633051.8200028546},"point_estimate":536971.3778091877,"standard_error":53487.344996044616}}