{"Mean":{"confidence_interval":{"confidence_level":0.95,"lower_bound":358783.6214093593,"upper_bound":364067.51188474207},"point_estimate":361222.7523001318,"standard_error":1353.4097731583242},"Median":{"confidence_interval":{"confidence_level":0.95,"lower_bound":355259.02222222224,"upper_bound":358057.2787878788},"point_estimate":356815.96951754385,"standard_error":743.0066434167583},"MedianAbsDev":{"confidence_interval":{"confidence_level":0.95,"lower_bound":3435.8430723349156,"upper_bound":7176.853446057164},"point_estimate":4995.872526349409,"standard_error":1058.8241150811173},"Slope":{"confidence_interval":{"confidence_level":0.95,"lower_bound":358456.60812444193,"upper_bound":363499.4267531473},"point_estimate":360719.2062046205,"standard_error":1295.705429625321},"StdDev":{"confidence_interval":{"confidence_level":0.95,"lower_bound":8434.599450016312,"upper_bound":18307.98697844263},"point_estimate":13613.287855880404,"standard_error":2554.4996188958053}}