{"Mean":{"confidence_interval":{"confidence_level":0.95,"lower_bound":1533.116368117674,"upper_bound":1563.101596987365},"point_estimate":1547.3513549217116,"standard_error":7.670174264785828},"Median":{"confidence_interval":{"confidence_level":0.95,"lower_bound":1514.5894045767607,"upper_bound":1537.5749450313724},"point_estimate":1525.1577345796732,"standard_error":6.08583313770719},"MedianAbsDev":{"confidence_interval":{"confidence_level":0.95,"lower_bound":33.2127926876846,"upper_bound":61.74800088604847},"point_estimate":47.888157443049096,"standard_error":7.790007462325193},"Slope":{"confidence_interval":{"confidence_level":0.95,"lower_bound":1543.7668465395236,"upper_bound":1573.570226607674},"point_estimate":1558.7546721039644,"standard_error":7.604587855119193},"StdDev":{"confidence_interval":{"confidence_level":0.95,"lower_bound":55.07343887178337,"upper_bound":99.10455368265451},"point_estimate":77.15808808789929,"standard_error":11.434284261420329}}