{"Mean":{"confidence_interval":{"confidence_level":0.95,"lower_bound":-0.28130029049802374,"upper_bound":-0.26838406818066207},"point_estimate":-0.27472386945395955,"standard_error":0.0033066356299851613},"Median":{"confidence_interval":{"confidence_level":0.95,"lower_bound":-0.27717957871969645,"upper_bound":-0.26751840409909877},"point_estimate":-0.2716130660011975,"standard_error":0.0024429040719322185}}