{"Mean":{"confidence_interval":{"confidence_level":0.95,"lower_bound":0.049226948332677295,"upper_bound":0.08248649786531319},"point_estimate":0.06638293512339377,"standard_error":0.008511660248673947},"Median":{"confidence_interval":{"confidence_level":0.95,"lower_bound":0.05718016836002193,"upper_bound":0.11150026981693051},"point_estimate":0.08247295854160397,"standard_error":0.013633656370410266}}