{"Mean":{"confidence_interval":{"confidence_level":0.95,"lower_bound":0.0015179179162296893,"upper_bound":0.026848541372412434},"point_estimate":0.014437857184613323,"standard_error":0.006469329414846972},"Median":{"confidence_interval":{"confidence_level":0.95,"lower_bound":0.006839744675588344,"upper_bound":0.042663163554543276},"point_estimate":0.030820286318731682,"standard_error":0.009690088594719645}}