{"Mean":{"confidence_interval":{"confidence_level":0.95,"lower_bound":223151712.26123035,"upper_bound":231140470.85951743},"point_estimate":226714292.28478393,"standard_error":2054476.899277502},"Median":{"confidence_interval":{"confidence_level":0.95,"lower_bound":222450153.44444445,"upper_bound":229553642.375},"point_estimate":223729329.6,"standard_error":1582392.9803433307},"MedianAbsDev":{"confidence_interval":{"confidence_level":0.95,"lower_bound":996574.6268739401,"upper_bound":9642543.753425637},"point_estimate":2451898.174011919,"standard_error":2374569.206347496},"Slope":{"confidence_interval":{"confidence_level":0.95,"lower_bound":222759934.06824553,"upper_bound":237418932.9302335},"point_estimate":229918068.19596773,"standard_error":3895424.9276150246},"StdDev":{"confidence_interval":{"confidence_level":0.95,"lower_bound":3163606.884045088,"upper_bound":11879825.081387803},"point_estimate":8226088.202911803,"standard_error":2416128.20754083}}