{"Mean":{"confidence_interval":{"confidence_level":0.95,"lower_bound":435756.4810309087,"upper_bound":451544.1721744963},"point_estimate":441868.0740052608,"standard_error":4188.726637581155},"Median":{"confidence_interval":{"confidence_level":0.95,"lower_bound":432969.01515151514,"upper_bound":435087.7521367521},"point_estimate":434030.3052494371,"standard_error":556.2719274173121},"MedianAbsDev":{"confidence_interval":{"confidence_level":0.95,"lower_bound":3603.4663537619595,"upper_bound":7329.171704531642},"point_estimate":5018.322702331108,"standard_error":1011.5039556939219},"Slope":{"confidence_interval":{"confidence_level":0.95,"lower_bound":434890.7819702761,"upper_bound":438595.9449745381},"point_estimate":436694.90437022806,"standard_error":943.2880383001159},"StdDev":{"confidence_interval":{"confidence_level":0.95,"lower_bound":9224.814427939713,"upper_bound":69444.87267082493},"point_estimate":42019.65645858116,"standard_error":18848.795144134252}}