{"Mean":{"confidence_interval":{"confidence_level":0.95,"lower_bound":-0.01148642610551554,"upper_bound":0.013429177732359635},"point_estimate":0.0006058727125215491,"standard_error":0.006265350585313918},"Median":{"confidence_interval":{"confidence_level":0.95,"lower_bound":-0.016530025310535046,"upper_bound":-0.001406000471317781},"point_estimate":-0.007243985825676091,"standard_error":0.003803356521587411}}