{"Mean":{"confidence_interval":{"confidence_level":0.95,"lower_bound":-0.016071268852580124,"upper_bound":0.0044700063205952685},"point_estimate":-0.005763323173872514,"standard_error":0.0052091847657306555},"Median":{"confidence_interval":{"confidence_level":0.95,"lower_bound":-0.01256382315755236,"upper_bound":0.00463130676342649},"point_estimate":-0.003907530689230332,"standard_error":0.0045270031252981425}}