{"Mean":{"confidence_interval":{"confidence_level":0.95,"lower_bound":-0.003505108346275762,"upper_bound":0.018472243249420903},"point_estimate":0.007025375238822296,"standard_error":0.005600643994478753},"Median":{"confidence_interval":{"confidence_level":0.95,"lower_bound":-0.004082754169834835,"upper_bound":0.012320009881832641},"point_estimate":0.0027476632342047225,"standard_error":0.004179347008761657}}