{"Mean":{"confidence_interval":{"confidence_level":0.95,"lower_bound":0.9897251215638811,"upper_bound":1.0390480177747767},"point_estimate":1.014073259213089,"standard_error":0.012498123107372508},"Median":{"confidence_interval":{"confidence_level":0.95,"lower_bound":0.9941098082236934,"upper_bound":1.026240026737523},"point_estimate":1.0100385049920542,"standard_error":0.007976993679013016}}