{"Mean":{"confidence_interval":{"confidence_level":0.95,"lower_bound":0.0490359359209079,"upper_bound":0.05884239686774959},"point_estimate":0.054129837202632425,"standard_error":0.002502606892592999},"Median":{"confidence_interval":{"confidence_level":0.95,"lower_bound":0.05332357503779073,"upper_bound":0.05998097103621849},"point_estimate":0.055909622784581,"standard_error":0.001717430099038919}}