{"Mean":{"confidence_interval":{"confidence_level":0.95,"lower_bound":14964.76451005234,"upper_bound":15301.22431209857},"point_estimate":15120.109885065618,"standard_error":86.20389756623811},"Median":{"confidence_interval":{"confidence_level":0.95,"lower_bound":14785.327235772358,"upper_bound":14918.523310180917},"point_estimate":14858.971394473107,"standard_error":33.59208640461986},"MedianAbsDev":{"confidence_interval":{"confidence_level":0.95,"lower_bound":173.93980506389738,"upper_bound":376.32912782397176},"point_estimate":258.4790058361441,"standard_error":50.22327364962914},"Slope":{"confidence_interval":{"confidence_level":0.95,"lower_bound":14865.899058760715,"upper_bound":15020.751938386982},"point_estimate":14935.815145783235,"standard_error":39.42976884935484},"StdDev":{"confidence_interval":{"confidence_level":0.95,"lower_bound":518.3479569869835,"upper_bound":1158.1818420726206},"point_estimate":864.7343937812528,"standard_error":163.24660948971223}}