{"Mean":{"confidence_interval":{"confidence_level":0.95,"lower_bound":21918209.59685186,"upper_bound":23682114.52688832},"point_estimate":22586733.89364126,"standard_error":492990.71299478225},"Median":{"confidence_interval":{"confidence_level":0.95,"lower_bound":21853227.35,"upper_bound":22430655.0},"point_estimate":21942950.17857143,"standard_error":120802.6300600504},"MedianAbsDev":{"confidence_interval":{"confidence_level":0.95,"lower_bound":28282.083275392284,"upper_bound":699199.0189867384},"point_estimate":147920.84556388046,"standard_error":188738.5506751877},"Slope":{"confidence_interval":{"confidence_level":0.95,"lower_bound":21861065.059787955,"upper_bound":22130951.648704953},"point_estimate":21971877.197580647,"standard_error":70272.22595306588},"StdDev":{"confidence_interval":{"confidence_level":0.95,"lower_bound":214749.92860868495,"upper_bound":3122474.551052122},"point_estimate":1968412.1574485793,"standard_error":946382.9860714835}}