{"Mean":{"confidence_interval":{"confidence_level":0.95,"lower_bound":3117.8995078804433,"upper_bound":3177.3886593846887},"point_estimate":3146.949009513816,"standard_error":15.18230613043888},"Median":{"confidence_interval":{"confidence_level":0.95,"lower_bound":3089.0232720588237,"upper_bound":3141.1767441215616},"point_estimate":3116.5584975742877,"standard_error":13.834161408844325},"MedianAbsDev":{"confidence_interval":{"confidence_level":0.95,"lower_bound":92.89319695891439,"upper_bound":179.4965338244114},"point_estimate":139.0221520222502,"standard_error":21.35516671618202},"Slope":{"confidence_interval":{"confidence_level":0.95,"lower_bound":3157.115191446726,"upper_bound":3215.7559216406776},"point_estimate":3185.489144866632,"standard_error":15.007800373647944},"StdDev":{"confidence_interval":{"confidence_level":0.95,"lower_bound":126.1853818969289,"upper_bound":178.5462889721125},"point_estimate":152.73921168365746,"standard_error":13.428414406970802}}