{"Mean":{"confidence_interval":{"confidence_level":0.95,"lower_bound":332913.58270443534,"upper_bound":344668.2681988572},"point_estimate":338647.1894658663,"standard_error":2997.325228534673},"Median":{"confidence_interval":{"confidence_level":0.95,"lower_bound":323201.3771043771,"upper_bound":341843.7121212121},"point_estimate":329865.62828054297,"standard_error":4648.5737395837505},"MedianAbsDev":{"confidence_interval":{"confidence_level":0.95,"lower_bound":22584.43073390509,"upper_bound":42298.21333814756},"point_estimate":31758.577318326563,"standard_error":5376.745137766291},"Slope":{"confidence_interval":{"confidence_level":0.95,"lower_bound":325789.69653591845,"upper_bound":339510.90442764625},"point_estimate":332530.6665504162,"standard_error":3504.326576143172},"StdDev":{"confidence_interval":{"confidence_level":0.95,"lower_bound":26159.623358729834,"upper_bound":34719.24997794327},"point_estimate":30246.090368494293,"standard_error":2221.2669988429875}}