{"Mean":{"confidence_interval":{"confidence_level":0.95,"lower_bound":405666.4594360653,"upper_bound":411211.3948102374},"point_estimate":408310.29419682035,"standard_error":1416.816177598473},"Median":{"confidence_interval":{"confidence_level":0.95,"lower_bound":401881.0,"upper_bound":406169.0565289946},"point_estimate":404261.49861111114,"standard_error":1033.4230123606671},"MedianAbsDev":{"confidence_interval":{"confidence_level":0.95,"lower_bound":5361.072101995169,"upper_bound":9601.093070882936},"point_estimate":7183.189266163421,"standard_error":1092.1964495866653},"Slope":{"confidence_interval":{"confidence_level":0.95,"lower_bound":405337.39837327553,"upper_bound":411495.17809804744},"point_estimate":408319.00953647605,"standard_error":1574.0117764840304},"StdDev":{"confidence_interval":{"confidence_level":0.95,"lower_bound":10417.674232114796,"upper_bound":17718.632394594904},"point_estimate":14244.123064494206,"standard_error":1869.596125679389}}