{"Mean":{"confidence_interval":{"confidence_level":0.95,"lower_bound":288202.0042021354,"upper_bound":292144.54035397107},"point_estimate":290084.5439192217,"standard_error":1007.7516436887331},"Median":{"confidence_interval":{"confidence_level":0.95,"lower_bound":285660.302238806,"upper_bound":288954.2875},"point_estimate":286986.77520833333,"standard_error":889.5519746215405},"MedianAbsDev":{"confidence_interval":{"confidence_level":0.95,"lower_bound":3752.3786801569645,"upper_bound":7124.557546684582},"point_estimate":5126.948390353473,"standard_error":844.4476897149076},"Slope":{"confidence_interval":{"confidence_level":0.95,"lower_bound":288594.45020875055,"upper_bound":292797.5067884571},"point_estimate":290525.9065161815,"standard_error":1071.9860559035171},"StdDev":{"confidence_interval":{"confidence_level":0.95,"lower_bound":7615.405459378681,"upper_bound":12292.147070315066},"point_estimate":10099.776710648872,"standard_error":1198.6626837754222}}