{"Mean":{"confidence_interval":{"confidence_level":0.95,"lower_bound":44.49273641380677,"upper_bound":45.197913800728955},"point_estimate":44.816607421900656,"standard_error":0.1805484381039616},"Median":{"confidence_interval":{"confidence_level":0.95,"lower_bound":44.188924327359544,"upper_bound":44.59129604529984},"point_estimate":44.41120177660869,"standard_error":0.09828099036618089},"MedianAbsDev":{"confidence_interval":{"confidence_level":0.95,"lower_bound":0.5825568433667707,"upper_bound":1.1531915997537925},"point_estimate":0.841140263371646,"standard_error":0.15205173566789573},"Slope":{"confidence_interval":{"confidence_level":0.95,"lower_bound":44.6789459613024,"upper_bound":46.15264111401307},"point_estimate":45.35707958013144,"standard_error":0.37925420178716235},"StdDev":{"confidence_interval":{"confidence_level":0.95,"lower_bound":1.0150387193539634,"upper_bound":2.517176604913352},"point_estimate":1.8207815587616278,"standard_error":0.3829603984155234}}