{"Mean":{"confidence_interval":{"confidence_level":0.95,"lower_bound":-0.5118847708866986,"upper_bound":-0.5039040396137423},"point_estimate":-0.5081962364932474,"standard_error":0.002035263048532739},"Median":{"confidence_interval":{"confidence_level":0.95,"lower_bound":-0.5152310167447152,"upper_bound":-0.5074594833238084},"point_estimate":-0.5127245838154857,"standard_error":0.0020967741253545237}}