{"Mean":{"confidence_interval":{"confidence_level":0.95,"lower_bound":0.013197204196750583,"upper_bound":0.05806874542484483},"point_estimate":0.03551702225500919,"standard_error":0.011529978094227126},"Median":{"confidence_interval":{"confidence_level":0.95,"lower_bound":-0.005380266714354098,"upper_bound":0.016942869528409954},"point_estimate":0.0065297680587685925,"standard_error":0.005605848047544712}}