{"Mean":{"confidence_interval":{"confidence_level":0.95,"lower_bound":-0.005628663190249543,"upper_bound":0.01853509827044186},"point_estimate":0.0064834600093737205,"standard_error":0.006140857284060291},"Median":{"confidence_interval":{"confidence_level":0.95,"lower_bound":-0.00348510616148745,"upper_bound":0.012962809189363877},"point_estimate":0.004034876163198087,"standard_error":0.004273196773718143}}