{"Mean":{"confidence_interval":{"confidence_level":0.95,"lower_bound":406307.7856343381,"upper_bound":412691.4570285469},"point_estimate":409233.6764087176,"standard_error":1636.7279309493106},"Median":{"confidence_interval":{"confidence_level":0.95,"lower_bound":403726.83664529916,"upper_bound":406279.4274493302},"point_estimate":404501.9551282051,"standard_error":690.8326279420388},"MedianAbsDev":{"confidence_interval":{"confidence_level":0.95,"lower_bound":4812.430436139843,"upper_bound":8853.032605168426},"point_estimate":6885.54362338214,"standard_error":1023.8713889492941},"Slope":{"confidence_interval":{"confidence_level":0.95,"lower_bound":407757.64525013295,"upper_bound":415395.83191121265},"point_estimate":411110.36631890055,"standard_error":1972.4082466780471},"StdDev":{"confidence_interval":{"confidence_level":0.95,"lower_bound":8942.704929974869,"upper_bound":22527.446434534315},"point_estimate":16421.9954020544,"standard_error":3414.1034584682207}}