{"Mean":{"confidence_interval":{"confidence_level":0.95,"lower_bound":-0.8648108896971675,"upper_bound":-0.8603536124303041},"point_estimate":-0.8625914642143385,"standard_error":0.0011376962165875757},"Median":{"confidence_interval":{"confidence_level":0.95,"lower_bound":-0.8642949620125221,"upper_bound":-0.8580518208641306},"point_estimate":-0.8607020332006273,"standard_error":0.0016416733835519929}}