{"Mean":{"confidence_interval":{"confidence_level":0.95,"lower_bound":199973.10181997006,"upper_bound":203532.47080425316},"point_estimate":201608.722778607,"standard_error":911.5192113757714},"Median":{"confidence_interval":{"confidence_level":0.95,"lower_bound":198694.2580270793,"upper_bound":200312.91335090031},"point_estimate":199669.87442795298,"standard_error":423.6718861773223},"MedianAbsDev":{"confidence_interval":{"confidence_level":0.95,"lower_bound":2804.2852418268767,"upper_bound":5735.7406158361555},"point_estimate":4075.17408824453,"standard_error":718.8623765087164},"Slope":{"confidence_interval":{"confidence_level":0.95,"lower_bound":200527.12777369714,"upper_bound":203987.62250696108},"point_estimate":202070.33013270283,"standard_error":888.5213715390081},"StdDev":{"confidence_interval":{"confidence_level":0.95,"lower_bound":5235.478505515801,"upper_bound":12643.675315975976},"point_estimate":9155.173812089672,"standard_error":1915.3910654595338}}