{"Mean":{"confidence_interval":{"confidence_level":0.95,"lower_bound":-0.025654279336768834,"upper_bound":-0.001204039267314032},"point_estimate":-0.013120332847106897,"standard_error":0.0062161335631727875},"Median":{"confidence_interval":{"confidence_level":0.95,"lower_bound":-0.021063222792162876,"upper_bound":0.0022175151953529593},"point_estimate":-0.007447644738518777,"standard_error":0.006197894074488363}}