{"Mean":{"confidence_interval":{"confidence_level":0.95,"lower_bound":-0.27136846818393956,"upper_bound":-0.2609005763173387},"point_estimate":-0.2658516667281373,"standard_error":0.0026753253021564024},"Median":{"confidence_interval":{"confidence_level":0.95,"lower_bound":-0.26839836842174636,"upper_bound":-0.2604950240699846},"point_estimate":-0.2628719495602917,"standard_error":0.0019964597604259287}}