{"Mean":{"confidence_interval":{"confidence_level":0.95,"lower_bound":-0.020281334694393225,"upper_bound":-0.0023306422120863185},"point_estimate":-0.011343668385833672,"standard_error":0.004562985328727192},"Median":{"confidence_interval":{"confidence_level":0.95,"lower_bound":-0.014206229213318045,"upper_bound":-0.0021340879849348626},"point_estimate":-0.009101088927866319,"standard_error":0.0028922747967040628}}