{"Mean":{"confidence_interval":{"confidence_level":0.95,"lower_bound":2096560.849073095,"upper_bound":2112345.9849360045},"point_estimate":2104100.3277599327,"standard_error":4014.219613515386},"Median":{"confidence_interval":{"confidence_level":0.95,"lower_bound":2094172.688172043,"upper_bound":2104437.628787879},"point_estimate":2100148.3074633367,"standard_error":2832.6327653638664},"MedianAbsDev":{"confidence_interval":{"confidence_level":0.95,"lower_bound":19100.12452188088,"upper_bound":34116.991485148406},"point_estimate":26179.06020935744,"standard_error":3910.364365037403},"Slope":{"confidence_interval":{"confidence_level":0.95,"lower_bound":2099744.3897671425,"upper_bound":2114741.108508274},"point_estimate":2106713.3443505247,"standard_error":3835.04813709458},"StdDev":{"confidence_interval":{"confidence_level":0.95,"lower_bound":27907.776915099697,"upper_bound":52299.815132801516},"point_estimate":40315.26322237773,"standard_error":6287.923369993552}}