{"Mean":{"confidence_interval":{"confidence_level":0.95,"lower_bound":3995.5783303359967,"upper_bound":4184.680312585926},"point_estimate":4080.914033178546,"standard_error":48.55565117955267},"Median":{"confidence_interval":{"confidence_level":0.95,"lower_bound":3959.339219239812,"upper_bound":4098.540520334928},"point_estimate":4046.192821067821,"standard_error":30.066834803713494},"MedianAbsDev":{"confidence_interval":{"confidence_level":0.95,"lower_bound":244.72244814452378,"upper_bound":383.4571175843624},"point_estimate":329.33174763538346,"standard_error":36.946824211530355},"Slope":{"confidence_interval":{"confidence_level":0.95,"lower_bound":4056.434276437646,"upper_bound":4510.572958502327},"point_estimate":4261.537699150512,"standard_error":117.03585806160122},"StdDev":{"confidence_interval":{"confidence_level":0.95,"lower_bound":261.1894908503248,"upper_bound":698.724667473496},"point_estimate":489.0673474896815,"standard_error":115.66769862778193}}