{"Mean":{"confidence_interval":{"confidence_level":0.95,"lower_bound":214839.3530958119,"upper_bound":216921.6632898161},"point_estimate":215800.74456503257,"standard_error":532.9065309951243},"Median":{"confidence_interval":{"confidence_level":0.95,"lower_bound":214035.7857142857,"upper_bound":215585.82222222222},"point_estimate":214425.9972459639,"standard_error":435.3511867769994},"MedianAbsDev":{"confidence_interval":{"confidence_level":0.95,"lower_bound":2290.049019501404,"upper_bound":3845.611765575242},"point_estimate":2774.935965117062,"standard_error":419.55156036678295},"Slope":{"confidence_interval":{"confidence_level":0.95,"lower_bound":214714.69592105242,"upper_bound":216161.70871373708},"point_estimate":215399.85024737698,"standard_error":369.1595757136011},"StdDev":{"confidence_interval":{"confidence_level":0.95,"lower_bound":3454.186760451587,"upper_bound":7327.691109081268},"point_estimate":5366.046908850971,"standard_error":1026.7735988905051}}