{"Mean":{"confidence_interval":{"confidence_level":0.95,"lower_bound":0.06023810215656802,"upper_bound":0.09719881594597686},"point_estimate":0.07899565481535986,"standard_error":0.00961090000809067},"Median":{"confidence_interval":{"confidence_level":0.95,"lower_bound":0.0301816956139922,"upper_bound":0.07103583045992701},"point_estimate":0.045206178793344876,"standard_error":0.011338303551240844}}