{"Mean":{"confidence_interval":{"confidence_level":0.95,"lower_bound":113664.2508310626,"upper_bound":114965.56179880322},"point_estimate":114242.9271910979,"standard_error":333.73939353982803},"Median":{"confidence_interval":{"confidence_level":0.95,"lower_bound":113172.05050775783,"upper_bound":114155.3446712018},"point_estimate":113426.36050039402,"standard_error":246.26356784791705},"MedianAbsDev":{"confidence_interval":{"confidence_level":0.95,"lower_bound":1379.1451262031096,"upper_bound":2391.811683259073},"point_estimate":2009.8546131004446,"standard_error":261.2528917686566},"Slope":{"confidence_interval":{"confidence_level":0.95,"lower_bound":113563.89108305513,"upper_bound":114514.67749128756},"point_estimate":114024.96662331905,"standard_error":242.95999543315685},"StdDev":{"confidence_interval":{"confidence_level":0.95,"lower_bound":1881.010099776671,"upper_bound":4940.112909445238},"point_estimate":3348.8011446687933,"standard_error":919.1986769299592}}