{"Mean":{"confidence_interval":{"confidence_level":0.95,"lower_bound":83543.82542565919,"upper_bound":84259.86915635513},"point_estimate":83871.25458544328,"standard_error":184.08120793494615},"Median":{"confidence_interval":{"confidence_level":0.95,"lower_bound":83259.1574074074,"upper_bound":83843.49084249084},"point_estimate":83609.75198412698,"standard_error":140.52077057381172},"MedianAbsDev":{"confidence_interval":{"confidence_level":0.95,"lower_bound":767.4796644784305,"upper_bound":1198.2121094669276},"point_estimate":1017.8193752954777,"standard_error":108.44707287735054},"Slope":{"confidence_interval":{"confidence_level":0.95,"lower_bound":83459.7322904657,"upper_bound":83953.00873699873},"point_estimate":83694.91103393922,"standard_error":126.32617716158605},"StdDev":{"confidence_interval":{"confidence_level":0.95,"lower_bound":1014.8028796120929,"upper_bound":2618.2348653383724},"point_estimate":1849.4471770572789,"standard_error":419.59259960822214}}