{"Mean":{"confidence_interval":{"confidence_level":0.95,"lower_bound":214543.28501351786,"upper_bound":218535.60980995855},"point_estimate":216350.73415524283,"standard_error":1025.7537431197607},"Median":{"confidence_interval":{"confidence_level":0.95,"lower_bound":212440.41656827272,"upper_bound":214801.62995689653},"point_estimate":213185.91682639433,"standard_error":604.5734924285051},"MedianAbsDev":{"confidence_interval":{"confidence_level":0.95,"lower_bound":2834.206690949713,"upper_bound":4964.518304904904},"point_estimate":3727.749469388446,"standard_error":536.0583066656969},"Slope":{"confidence_interval":{"confidence_level":0.95,"lower_bound":213644.11136620826,"upper_bound":219649.29755234357},"point_estimate":216136.94082695435,"standard_error":1573.6867743664675},"StdDev":{"confidence_interval":{"confidence_level":0.95,"lower_bound":5622.046228169077,"upper_bound":14528.805039696199},"point_estimate":10299.548892003655,"standard_error":2346.0882577066373}}