{"Mean":{"confidence_interval":{"confidence_level":0.95,"lower_bound":219951.9567009259,"upper_bound":228611.98176053705},"point_estimate":224034.8679951222,"standard_error":2210.8037561162173},"Median":{"confidence_interval":{"confidence_level":0.95,"lower_bound":212466.48450704225,"upper_bound":216395.95272727273},"point_estimate":214577.97141666664,"standard_error":1033.3529218294361},"MedianAbsDev":{"confidence_interval":{"confidence_level":0.95,"lower_bound":4160.860531328693,"upper_bound":9772.23400242568},"point_estimate":6708.441820530993,"standard_error":1427.9475148049069},"Slope":{"confidence_interval":{"confidence_level":0.95,"lower_bound":213870.41498977682,"upper_bound":218241.56463259616},"point_estimate":215831.82698625684,"standard_error":1115.2990139964081},"StdDev":{"confidence_interval":{"confidence_level":0.95,"lower_bound":16020.83337783712,"upper_bound":27578.15022869175},"point_estimate":22169.358120458204,"standard_error":2956.2191718720146}}