{"Mean":{"confidence_interval":{"confidence_level":0.95,"lower_bound":-0.003030069140160262,"upper_bound":0.010534465501304817},"point_estimate":0.0037189397314152384,"standard_error":0.0034734194849405605},"Median":{"confidence_interval":{"confidence_level":0.95,"lower_bound":-0.002712809083372309,"upper_bound":0.013762749402414176},"point_estimate":0.00530992343662251,"standard_error":0.0040653294035728395}}