{"Mean":{"confidence_interval":{"confidence_level":0.95,"lower_bound":-0.34779848574079025,"upper_bound":-0.336282864588633},"point_estimate":-0.3419569352132912,"standard_error":0.0029456176231657865},"Median":{"confidence_interval":{"confidence_level":0.95,"lower_bound":-0.34579263652478454,"upper_bound":-0.3346753331331931},"point_estimate":-0.3393092565105448,"standard_error":0.002825466847930795}}