{"Mean":{"confidence_interval":{"confidence_level":0.95,"lower_bound":-0.0066632917182576756,"upper_bound":0.006623969549531261},"point_estimate":-0.00030931481753904144,"standard_error":0.0033894171216552185},"Median":{"confidence_interval":{"confidence_level":0.95,"lower_bound":-0.00750586548187826,"upper_bound":0.002285206108791016},"point_estimate":-0.0023896593038904568,"standard_error":0.002341477302508995}}