{"Mean":{"confidence_interval":{"confidence_level":0.95,"lower_bound":295.75668932438833,"upper_bound":299.3946144376586},"point_estimate":297.5830672725167,"standard_error":0.9283618251192447},"Median":{"confidence_interval":{"confidence_level":0.95,"lower_bound":297.63865574690897,"upper_bound":301.00075781372306},"point_estimate":299.65477327177643,"standard_error":0.8488344605442609}}