{"Mean":{"confidence_interval":{"confidence_level":0.95,"lower_bound":2904311.9440049226,"upper_bound":2944616.8933444107},"point_estimate":2923149.731448698,"standard_error":10294.559751698329},"Median":{"confidence_interval":{"confidence_level":0.95,"lower_bound":2885815.9088235293,"upper_bound":2907830.142488263},"point_estimate":2897683.2620727075,"standard_error":5986.376451022762},"MedianAbsDev":{"confidence_interval":{"confidence_level":0.95,"lower_bound":43446.16726490405,"upper_bound":75670.95771208995},"point_estimate":62899.255455469334,"standard_error":8020.990152430724},"Slope":{"confidence_interval":{"confidence_level":0.95,"lower_bound":2895213.613889644,"upper_bound":2917992.1369906776},"point_estimate":2906331.7320082756,"standard_error":5811.208731869751},"StdDev":{"confidence_interval":{"confidence_level":0.95,"lower_bound":67075.74931150945,"upper_bound":135223.13404960738},"point_estimate":103864.3906797992,"standard_error":17313.8742509665}}