{"Mean":{"confidence_interval":{"confidence_level":0.95,"lower_bound":37395.98670596239,"upper_bound":38403.898844246745},"point_estimate":37869.07034443431,"standard_error":256.9955821794386},"Median":{"confidence_interval":{"confidence_level":0.95,"lower_bound":36879.50208599404,"upper_bound":37929.77411477412},"point_estimate":37252.179388083736,"standard_error":249.72524954819892},"MedianAbsDev":{"confidence_interval":{"confidence_level":0.95,"lower_bound":1352.1313424762316,"upper_bound":2123.7339107027783},"point_estimate":1790.545681216291,"standard_error":191.7379089211776},"Slope":{"confidence_interval":{"confidence_level":0.95,"lower_bound":37832.78777780962,"upper_bound":38546.202364819466},"point_estimate":38194.60198676584,"standard_error":182.18815875257667},"StdDev":{"confidence_interval":{"confidence_level":0.95,"lower_bound":1690.1957648460104,"upper_bound":3361.9625890928814},"point_estimate":2576.4748161098178,"standard_error":425.8178813421348}}