{"Mean":{"confidence_interval":{"confidence_level":0.95,"lower_bound":258453.5932967938,"upper_bound":263553.3652183942},"point_estimate":260819.9116397066,"standard_error":1304.5153860413238},"Median":{"confidence_interval":{"confidence_level":0.95,"lower_bound":256172.31818181818,"upper_bound":258709.71268656716},"point_estimate":257580.33253410057,"standard_error":625.3252673350152},"MedianAbsDev":{"confidence_interval":{"confidence_level":0.95,"lower_bound":3744.828046159504,"upper_bound":6774.32489156158},"point_estimate":4947.589364720227,"standard_error":794.3112938424437},"Slope":{"confidence_interval":{"confidence_level":0.95,"lower_bound":257220.8925756238,"upper_bound":261075.3581169716},"point_estimate":258962.37258386286,"standard_error":985.727894620107},"StdDev":{"confidence_interval":{"confidence_level":0.95,"lower_bound":8473.820077393466,"upper_bound":17048.313525193298},"point_estimate":13176.80820894013,"standard_error":2194.961808308199}}