{"Mean":{"confidence_interval":{"confidence_level":0.95,"lower_bound":265981.0696865276,"upper_bound":269681.85005930363},"point_estimate":267794.8042816901,"standard_error":945.034063332625},"Median":{"confidence_interval":{"confidence_level":0.95,"lower_bound":262978.96428571426,"upper_bound":266258.7445969125},"point_estimate":264470.0020292208,"standard_error":942.2763327074962},"MedianAbsDev":{"confidence_interval":{"confidence_level":0.95,"lower_bound":4921.0471669402,"upper_bound":9847.369133516684},"point_estimate":7623.983600900775,"standard_error":1290.1960140374915},"Slope":{"confidence_interval":{"confidence_level":0.95,"lower_bound":268112.5062750255,"upper_bound":273794.8779922909},"point_estimate":270968.8600628048,"standard_error":1451.2704862613784},"StdDev":{"confidence_interval":{"confidence_level":0.95,"lower_bound":8191.1873677918775,"upper_bound":10555.92826868399},"point_estimate":9501.31026029328,"standard_error":601.5587395810662}}