{"Mean":{"confidence_interval":{"confidence_level":0.95,"lower_bound":31603.705896941672,"upper_bound":32639.979822422654},"point_estimate":32069.17385402196,"standard_error":265.8790261864987},"Median":{"confidence_interval":{"confidence_level":0.95,"lower_bound":31214.6413027968,"upper_bound":31557.87890625},"point_estimate":31296.414463141024,"standard_error":92.36866524676249},"MedianAbsDev":{"confidence_interval":{"confidence_level":0.95,"lower_bound":575.8096484036375,"upper_bound":990.5431346626481},"point_estimate":784.0188217317552,"standard_error":103.13742323725272},"Slope":{"confidence_interval":{"confidence_level":0.95,"lower_bound":31374.93147777395,"upper_bound":31793.453100795443},"point_estimate":31576.372162701344,"standard_error":106.72041948410548},"StdDev":{"confidence_interval":{"confidence_level":0.95,"lower_bound":1311.0850935277185,"upper_bound":3802.960817040194},"point_estimate":2674.545755402257,"standard_error":638.5467437416237}}