{"Mean":{"confidence_interval":{"confidence_level":0.95,"lower_bound":59386810.039323084,"upper_bound":59560432.60948718},"point_estimate":59471390.40879644,"standard_error":44304.08779093729},"Median":{"confidence_interval":{"confidence_level":0.95,"lower_bound":59332093.72867133,"upper_bound":59499333.57114055},"point_estimate":59445081.51147343,"standard_error":48839.83591125854},"MedianAbsDev":{"confidence_interval":{"confidence_level":0.95,"lower_bound":316311.6675373371,"upper_bound":518006.1160140673},"point_estimate":404928.81565465836,"standard_error":51219.422874692485},"Slope":{"confidence_interval":{"confidence_level":0.95,"lower_bound":59356340.035408184,"upper_bound":59491694.98235224},"point_estimate":59422898.13159746,"standard_error":34645.76853499523},"StdDev":{"confidence_interval":{"confidence_level":0.95,"lower_bound":353238.3361393901,"upper_bound":536268.996181502},"point_estimate":445210.18747444183,"standard_error":47329.253863639475}}