{"Mean":{"confidence_interval":{"confidence_level":0.95,"lower_bound":28313.12212031697,"upper_bound":28618.421674006797},"point_estimate":28460.948155818358,"standard_error":77.72000080936083},"Median":{"confidence_interval":{"confidence_level":0.95,"lower_bound":28110.30476190476,"upper_bound":28370.71873015873},"point_estimate":28250.53624242424,"standard_error":65.77591204614957},"MedianAbsDev":{"confidence_interval":{"confidence_level":0.95,"lower_bound":312.4686010005394,"upper_bound":627.6646337667956},"point_estimate":413.01582371327777,"standard_error":80.05143950119522},"Slope":{"confidence_interval":{"confidence_level":0.95,"lower_bound":28321.458646578423,"upper_bound":28637.427496103417},"point_estimate":28473.64043311026,"standard_error":81.1148536670644},"StdDev":{"confidence_interval":{"confidence_level":0.95,"lower_bound":628.3841768046689,"upper_bound":911.2670147064405},"point_estimate":780.1629949605682,"standard_error":72.08450581304905}}