{"Mean":{"confidence_interval":{"confidence_level":0.95,"lower_bound":11632.478326309954,"upper_bound":11864.295296967026},"point_estimate":11742.087836311171,"standard_error":59.21842933652247},"Median":{"confidence_interval":{"confidence_level":0.95,"lower_bound":11460.600732600733,"upper_bound":11656.3426902656},"point_estimate":11582.496461871462,"standard_error":45.61271568310031},"MedianAbsDev":{"confidence_interval":{"confidence_level":0.95,"lower_bound":240.64641292350083,"upper_bound":448.7246751840376},"point_estimate":361.3570988730903,"standard_error":54.53329835962674},"Slope":{"confidence_interval":{"confidence_level":0.95,"lower_bound":11585.217994502236,"upper_bound":11873.227059260978},"point_estimate":11711.011101001359,"standard_error":74.07333345143554},"StdDev":{"confidence_interval":{"confidence_level":0.95,"lower_bound":413.51963536414974,"upper_bound":759.2292845744723},"point_estimate":593.8335665926961,"standard_error":88.96512923037271}}