{"Mean":{"confidence_interval":{"confidence_level":0.95,"lower_bound":0.020150962341164542,"upper_bound":0.048721591826207465},"point_estimate":0.034479625093088995,"standard_error":0.0072848116580816885},"Median":{"confidence_interval":{"confidence_level":0.95,"lower_bound":0.026086338371332785,"upper_bound":0.042706560264700766},"point_estimate":0.03370727075803637,"standard_error":0.00440533004575214}}