{"Mean":{"confidence_interval":{"confidence_level":0.95,"lower_bound":3190.360167403391,"upper_bound":3233.5071116955964},"point_estimate":3210.899025345714,"standard_error":11.023833691817092},"Median":{"confidence_interval":{"confidence_level":0.95,"lower_bound":3166.4852446028917,"upper_bound":3209.0311062696683},"point_estimate":3184.209512065696,"standard_error":11.487724234131715},"MedianAbsDev":{"confidence_interval":{"confidence_level":0.95,"lower_bound":55.32167986872522,"upper_bound":94.39130148800402},"point_estimate":73.55275706709183,"standard_error":10.365576877800168},"Slope":{"confidence_interval":{"confidence_level":0.95,"lower_bound":3193.329536354698,"upper_bound":3230.108507753265},"point_estimate":3210.934441527559,"standard_error":9.361169338452724},"StdDev":{"confidence_interval":{"confidence_level":0.95,"lower_bound":78.961500367967,"upper_bound":141.39127823779975},"point_estimate":111.26714954690809,"standard_error":16.031226514083304}}