{"Mean":{"confidence_interval":{"confidence_level":0.95,"lower_bound":429618.8659826771,"upper_bound":435327.91414006444},"point_estimate":432258.0814911109,"standard_error":1464.6499246704614},"Median":{"confidence_interval":{"confidence_level":0.95,"lower_bound":427422.4943820225,"upper_bound":430243.4954954955},"point_estimate":428657.27699161426,"standard_error":784.4533570240804},"MedianAbsDev":{"confidence_interval":{"confidence_level":0.95,"lower_bound":4932.987557671956,"upper_bound":9312.349992999409},"point_estimate":6922.021925801498,"standard_error":1114.3046499909772},"Slope":{"confidence_interval":{"confidence_level":0.95,"lower_bound":430297.8027316477,"upper_bound":435773.10859725263},"point_estimate":432881.6891601399,"standard_error":1397.774328524728},"StdDev":{"confidence_interval":{"confidence_level":0.95,"lower_bound":9164.068513437023,"upper_bound":20004.866765689563},"point_estimate":14701.994637888798,"standard_error":2832.738616250422}}