{"Mean":{"confidence_interval":{"confidence_level":0.95,"lower_bound":-0.010961160587662546,"upper_bound":0.04758743252107025},"point_estimate":0.017200965609444285,"standard_error":0.014881192572503118},"Median":{"confidence_interval":{"confidence_level":0.95,"lower_bound":-0.002215593046329012,"upper_bound":0.04761825295549271},"point_estimate":0.008489352198458588,"standard_error":0.011908710425918661}}