{"Mean":{"confidence_interval":{"confidence_level":0.95,"lower_bound":-0.3372569974721014,"upper_bound":-0.3269598905272308},"point_estimate":-0.33204791114582144,"standard_error":0.0026156608866413403},"Median":{"confidence_interval":{"confidence_level":0.95,"lower_bound":-0.33547874230781805,"upper_bound":-0.32734940450102745},"point_estimate":-0.33125175528472584,"standard_error":0.0019064079772648525}}