{"Mean":{"confidence_interval":{"confidence_level":0.95,"lower_bound":708.3318546807911,"upper_bound":726.4146223224615},"point_estimate":717.195180929636,"standard_error":4.60719064091181},"Median":{"confidence_interval":{"confidence_level":0.95,"lower_bound":688.5909692739318,"upper_bound":705.6644864341085},"point_estimate":693.1229565469598,"standard_error":4.18938558108236},"MedianAbsDev":{"confidence_interval":{"confidence_level":0.95,"lower_bound":12.93881103981561,"upper_bound":46.134673588649335},"point_estimate":21.032671691146547,"standard_error":7.946813472303967},"Slope":{"confidence_interval":{"confidence_level":0.95,"lower_bound":713.7760334337257,"upper_bound":735.9233543247896},"point_estimate":724.5962652737636,"standard_error":5.6527874765099435},"StdDev":{"confidence_interval":{"confidence_level":0.95,"lower_bound":39.50782722264842,"upper_bound":52.58153297379355},"point_estimate":46.240693192492756,"standard_error":3.3316449720733505}}