{"Mean":{"confidence_interval":{"confidence_level":0.95,"lower_bound":689.9440393596733,"upper_bound":702.5858096536862},"point_estimate":695.8529926894407,"standard_error":3.225383548029697},"Median":{"confidence_interval":{"confidence_level":0.95,"lower_bound":682.5755464480874,"upper_bound":689.7658380681818},"point_estimate":684.6663475087005,"standard_error":2.0421488177682066},"MedianAbsDev":{"confidence_interval":{"confidence_level":0.95,"lower_bound":9.636383965072483,"upper_bound":17.40134796782284},"point_estimate":12.632650589915402,"standard_error":1.9103353103231677},"Slope":{"confidence_interval":{"confidence_level":0.95,"lower_bound":693.8545477492154,"upper_bound":716.5466271366053},"point_estimate":704.6814022976924,"standard_error":5.812357322936041},"StdDev":{"confidence_interval":{"confidence_level":0.95,"lower_bound":21.664149919313505,"upper_bound":41.62066587920794},"point_estimate":32.380028474939884,"standard_error":5.11298418397837}}