{"Mean":{"confidence_interval":{"confidence_level":0.95,"lower_bound":-0.27114097349042027,"upper_bound":-0.25490328523084704},"point_estimate":-0.2629900407492255,"standard_error":0.004158043688454197},"Median":{"confidence_interval":{"confidence_level":0.95,"lower_bound":-0.27256023677990615,"upper_bound":-0.2563593052407742},"point_estimate":-0.26555255558227353,"standard_error":0.004079786718754677}}