{"Mean":{"confidence_interval":{"confidence_level":0.95,"lower_bound":321306.50194503955,"upper_bound":325176.4000786231},"point_estimate":323078.1790580556,"standard_error":986.3739604397884},"Median":{"confidence_interval":{"confidence_level":0.95,"lower_bound":319713.38330823294,"upper_bound":322541.81666666665},"point_estimate":320637.8468137255,"standard_error":648.8418676838379},"MedianAbsDev":{"confidence_interval":{"confidence_level":0.95,"lower_bound":3700.255812537353,"upper_bound":6437.685880279557},"point_estimate":4951.158910069042,"standard_error":694.7616850778649},"Slope":{"confidence_interval":{"confidence_level":0.95,"lower_bound":321766.1790168584,"upper_bound":325837.830281971},"point_estimate":323678.33002068865,"standard_error":1041.6037983534522},"StdDev":{"confidence_interval":{"confidence_level":0.95,"lower_bound":6153.7100067296,"upper_bound":13893.923423102062},"point_estimate":9906.40560364614,"standard_error":2122.259528257192}}