{"Mean":{"confidence_interval":{"confidence_level":0.95,"lower_bound":-0.0010476390825577134,"upper_bound":0.02093908437967938},"point_estimate":0.009667793151657555,"standard_error":0.005616992822674842},"Median":{"confidence_interval":{"confidence_level":0.95,"lower_bound":-0.006086624761426629,"upper_bound":0.016277524238063095},"point_estimate":0.009464469163484424,"standard_error":0.006190854514739455}}