{"Mean":{"confidence_interval":{"confidence_level":0.95,"lower_bound":-0.5036550399505852,"upper_bound":-0.4959654229476663},"point_estimate":-0.49988564227459564,"standard_error":0.0020010461897770303},"Median":{"confidence_interval":{"confidence_level":0.95,"lower_bound":-0.5052176526180376,"upper_bound":-0.5001230145810307},"point_estimate":-0.5024293970376759,"standard_error":0.0012869509346618414}}