{"Mean":{"confidence_interval":{"confidence_level":0.95,"lower_bound":-0.015950132532311274,"upper_bound":-0.0022492078921247088},"point_estimate":-0.009018489199828505,"standard_error":0.0034804316814721612},"Median":{"confidence_interval":{"confidence_level":0.95,"lower_bound":-0.011249910387535792,"upper_bound":0.0020235925875022875},"point_estimate":-0.0035504159492455445,"standard_error":0.0031450584490966566}}