{"Mean":{"confidence_interval":{"confidence_level":0.95,"lower_bound":2626.95616145092,"upper_bound":2670.1232382299145},"point_estimate":2647.4231333124458,"standard_error":11.012629526400689},"Median":{"confidence_interval":{"confidence_level":0.95,"lower_bound":2595.549188832296,"upper_bound":2635.089022255564},"point_estimate":2615.3668714088167,"standard_error":9.616654435462113},"MedianAbsDev":{"confidence_interval":{"confidence_level":0.95,"lower_bound":50.67005620638799,"upper_bound":95.40616583781656},"point_estimate":73.50238778746187,"standard_error":10.872577495350756},"Slope":{"confidence_interval":{"confidence_level":0.95,"lower_bound":2631.543494381666,"upper_bound":2684.0780059967497},"point_estimate":2656.919316909544,"standard_error":13.448022817964851},"StdDev":{"confidence_interval":{"confidence_level":0.95,"lower_bound":83.35473112731202,"upper_bound":134.73873072636906},"point_estimate":110.56761417471945,"standard_error":13.122550317471037}}