{"Mean":{"confidence_interval":{"confidence_level":0.95,"lower_bound":-0.09601302392008909,"upper_bound":-0.0753274530425576},"point_estimate":-0.08597320810076559,"standard_error":0.005301386742239948},"Median":{"confidence_interval":{"confidence_level":0.95,"lower_bound":-0.09105289241017145,"upper_bound":-0.07322335983101447},"point_estimate":-0.08371669354813316,"standard_error":0.004450355835398633}}