{"Mean":{"confidence_interval":{"confidence_level":0.95,"lower_bound":-0.33982905924271656,"upper_bound":-0.3210929898732759},"point_estimate":-0.3302708143156796,"standard_error":0.004795295528767054},"Median":{"confidence_interval":{"confidence_level":0.95,"lower_bound":-0.33304855400941735,"upper_bound":-0.3147462266052268},"point_estimate":-0.324280415926672,"standard_error":0.0047424430208107176}}