{"Mean":{"confidence_interval":{"confidence_level":0.95,"lower_bound":-0.006768388694451038,"upper_bound":0.009104430967843651},"point_estimate":0.0009930112331664187,"standard_error":0.004062542638339589},"Median":{"confidence_interval":{"confidence_level":0.95,"lower_bound":-0.00660364157791371,"upper_bound":0.00654376125009665},"point_estimate":-0.0006263628139819843,"standard_error":0.0033897680836950253}}