{"Mean":{"confidence_interval":{"confidence_level":0.95,"lower_bound":-0.0127895298518413,"upper_bound":0.006115461257195775},"point_estimate":-0.00327355137206109,"standard_error":0.004825490892812697},"Median":{"confidence_interval":{"confidence_level":0.95,"lower_bound":-0.006506251414106656,"upper_bound":0.009843085479151803},"point_estimate":0.0019808946927206694,"standard_error":0.004231734347311803}}