{"Mean":{"confidence_interval":{"confidence_level":0.95,"lower_bound":-0.023404393521165245,"upper_bound":-0.0022395699269431033},"point_estimate":-0.012053030330981707,"standard_error":0.00530405959730263},"Median":{"confidence_interval":{"confidence_level":0.95,"lower_bound":-0.04375340416191853,"upper_bound":-0.0018381190784752001},"point_estimate":-0.02806279650583643,"standard_error":0.011559019419501429}}