{"Mean":{"confidence_interval":{"confidence_level":0.95,"lower_bound":34062.03523873847,"upper_bound":34536.390398078045},"point_estimate":34274.15832853627,"standard_error":122.08104567790224},"Median":{"confidence_interval":{"confidence_level":0.95,"lower_bound":33893.77129904875,"upper_bound":34130.21599616858},"point_estimate":33995.98319327731,"standard_error":59.598208912630895},"MedianAbsDev":{"confidence_interval":{"confidence_level":0.95,"lower_bound":360.81720381748636,"upper_bound":601.4257228727146},"point_estimate":462.3531027111324,"standard_error":60.07260762368895},"Slope":{"confidence_interval":{"confidence_level":0.95,"lower_bound":34103.98854265873,"upper_bound":34586.55928593336},"point_estimate":34302.44898681736,"standard_error":124.8333548804516},"StdDev":{"confidence_interval":{"confidence_level":0.95,"lower_bound":672.6355878706619,"upper_bound":1794.5249971468293},"point_estimate":1223.941427039887,"standard_error":323.2809353707801}}