{"Mean":{"confidence_interval":{"confidence_level":0.95,"lower_bound":13827.441182510262,"upper_bound":14252.769046421601},"point_estimate":14003.317856222888,"standard_error":110.73428819825325},"Median":{"confidence_interval":{"confidence_level":0.95,"lower_bound":13678.38266384778,"upper_bound":13900.998219942254},"point_estimate":13766.440987559208,"standard_error":52.15835627112695},"MedianAbsDev":{"confidence_interval":{"confidence_level":0.95,"lower_bound":301.8276458652641,"upper_bound":516.6798554573238},"point_estimate":359.20215494581225,"standard_error":53.400365329626574},"Slope":{"confidence_interval":{"confidence_level":0.95,"lower_bound":13705.304057046622,"upper_bound":13870.935607642994},"point_estimate":13783.406174303998,"standard_error":42.36217759039213},"StdDev":{"confidence_interval":{"confidence_level":0.95,"lower_bound":443.3272881062995,"upper_bound":1778.2367957213476},"point_estimate":1116.1046544380324,"standard_error":431.05329293995044}}