{"Mean":{"confidence_interval":{"confidence_level":0.95,"lower_bound":1525.9592976576898,"upper_bound":1558.3796109894486},"point_estimate":1541.1738780108433,"standard_error":8.290165801600114},"Median":{"confidence_interval":{"confidence_level":0.95,"lower_bound":1507.9528032942667,"upper_bound":1529.1976771196285},"point_estimate":1519.1563529685902,"standard_error":5.4933196773957516},"MedianAbsDev":{"confidence_interval":{"confidence_level":0.95,"lower_bound":40.316763203776325,"upper_bound":63.64240097709592},"point_estimate":52.461024328328,"standard_error":5.943382171410241},"Slope":{"confidence_interval":{"confidence_level":0.95,"lower_bound":1526.0474502370614,"upper_bound":1552.497934021321},"point_estimate":1538.38889739559,"standard_error":6.737921137234693},"StdDev":{"confidence_interval":{"confidence_level":0.95,"lower_bound":56.894680962149955,"upper_bound":107.03723987243247},"point_estimate":83.18246753333946,"standard_error":12.864228132746069}}