{"Mean":{"confidence_interval":{"confidence_level":0.95,"lower_bound":1149513.4757297633,"upper_bound":1160671.208180105},"point_estimate":1154837.0635089881,"standard_error":2858.8326938618025},"Median":{"confidence_interval":{"confidence_level":0.95,"lower_bound":1145416.7586206896,"upper_bound":1153298.7234042552},"point_estimate":1148480.279513889,"standard_error":1949.6349601010334},"MedianAbsDev":{"confidence_interval":{"confidence_level":0.95,"lower_bound":15014.924671556939,"upper_bound":22285.781811848155},"point_estimate":19974.95531539279,"standard_error":1844.5538661978185},"Slope":{"confidence_interval":{"confidence_level":0.95,"lower_bound":1152663.7927477767,"upper_bound":1165078.998512463},"point_estimate":1158452.6774552977,"standard_error":3177.2038631525065},"StdDev":{"confidence_interval":{"confidence_level":0.95,"lower_bound":20541.341585330865,"upper_bound":36008.72981396855},"point_estimate":28746.787442214463,"standard_error":3953.9986020348997}}