{"Mean":{"confidence_interval":{"confidence_level":0.95,"lower_bound":567794.7636994545,"upper_bound":573690.1145607457},"point_estimate":570488.3359853567,"standard_error":1513.0944500056305},"Median":{"confidence_interval":{"confidence_level":0.95,"lower_bound":565572.265730337,"upper_bound":569543.956043956},"point_estimate":567590.2849531117,"standard_error":1074.4156760826963},"MedianAbsDev":{"confidence_interval":{"confidence_level":0.95,"lower_bound":5639.355411245143,"upper_bound":8870.221084022023},"point_estimate":7587.28189678217,"standard_error":826.0383579624294},"Slope":{"confidence_interval":{"confidence_level":0.95,"lower_bound":568704.9465758778,"upper_bound":574585.7370609654},"point_estimate":571320.4306472588,"standard_error":1500.9440730064784},"StdDev":{"confidence_interval":{"confidence_level":0.95,"lower_bound":8862.811049662387,"upper_bound":21202.59856209394},"point_estimate":15232.759315845893,"standard_error":3228.3778392184704}}