{"Mean":{"confidence_interval":{"confidence_level":0.95,"lower_bound":66979.88844723874,"upper_bound":68129.78589630086},"point_estimate":67495.01744425292,"standard_error":295.65870704804036},"Median":{"confidence_interval":{"confidence_level":0.95,"lower_bound":66640.18333333333,"upper_bound":66992.47424633936},"point_estimate":66755.34124579125,"standard_error":103.3295252360123},"MedianAbsDev":{"confidence_interval":{"confidence_level":0.95,"lower_bound":766.7422754993602,"upper_bound":1223.071441992391},"point_estimate":1007.2200962052973,"standard_error":114.29073107913085},"Slope":{"confidence_interval":{"confidence_level":0.95,"lower_bound":66775.81074796972,"upper_bound":68515.39764261417},"point_estimate":67454.82096980444,"standard_error":462.1153375913877},"StdDev":{"confidence_interval":{"confidence_level":0.95,"lower_bound":1473.3867335402103,"upper_bound":4249.603131527649},"point_estimate":2962.8608097404863,"standard_error":726.7400440098811}}