{"Mean":{"confidence_interval":{"confidence_level":0.95,"lower_bound":2682.6902118119483,"upper_bound":2736.9432988698127},"point_estimate":2708.640909643021,"standard_error":13.840600146745553},"Median":{"confidence_interval":{"confidence_level":0.95,"lower_bound":2648.14649691503,"upper_bound":2713.077107649762},"point_estimate":2671.2163985537622,"standard_error":14.335188110819},"MedianAbsDev":{"confidence_interval":{"confidence_level":0.95,"lower_bound":75.83165716479068,"upper_bound":122.98105418469629},"point_estimate":92.54058532476539,"standard_error":11.617617531482836},"Slope":{"confidence_interval":{"confidence_level":0.95,"lower_bound":2663.813587790968,"upper_bound":2707.5299920396637},"point_estimate":2684.7234459665415,"standard_error":11.184754864923718},"StdDev":{"confidence_interval":{"confidence_level":0.95,"lower_bound":104.76585021386231,"upper_bound":167.99052985214732},"point_estimate":138.69165048228177,"standard_error":16.1603527253909}}