{"Mean":{"confidence_interval":{"confidence_level":0.95,"lower_bound":1704284.814455562,"upper_bound":1724889.3900561947},"point_estimate":1713997.67343858,"standard_error":5257.6176867873655},"Median":{"confidence_interval":{"confidence_level":0.95,"lower_bound":1688115.7462686568,"upper_bound":1700518.4329896907},"point_estimate":1693181.290954416,"standard_error":3329.832346818235},"MedianAbsDev":{"confidence_interval":{"confidence_level":0.95,"lower_bound":17496.888667402953,"upper_bound":37894.428919474114},"point_estimate":25384.887132591346,"standard_error":5101.750163682532},"Slope":{"confidence_interval":{"confidence_level":0.95,"lower_bound":1703882.9427102073,"upper_bound":1739267.0954248053},"point_estimate":1719368.17126644,"standard_error":9143.222384885117},"StdDev":{"confidence_interval":{"confidence_level":0.95,"lower_bound":38812.8265318651,"upper_bound":67145.16252240867},"point_estimate":52835.01417059725,"standard_error":7366.7596895741235}}