{"Mean":{"confidence_interval":{"confidence_level":0.95,"lower_bound":84440.61347961496,"upper_bound":85421.717500138},"point_estimate":84913.4695933947,"standard_error":250.68330066987141},"Median":{"confidence_interval":{"confidence_level":0.95,"lower_bound":83713.53541666667,"upper_bound":84969.5752688172},"point_estimate":84306.08108747046,"standard_error":306.032072813703},"MedianAbsDev":{"confidence_interval":{"confidence_level":0.95,"lower_bound":1371.9703449974872,"upper_bound":2438.592357991318},"point_estimate":1859.8159630927817,"standard_error":272.78227411184974},"Slope":{"confidence_interval":{"confidence_level":0.95,"lower_bound":84738.63086332838,"upper_bound":86144.4395809793},"point_estimate":85410.95184843111,"standard_error":358.1673235979513},"StdDev":{"confidence_interval":{"confidence_level":0.95,"lower_bound":1954.0488766812978,"upper_bound":3032.5241155529848},"point_estimate":2512.644239483297,"standard_error":276.72878271125404}}