{"Mean":{"confidence_interval":{"confidence_level":0.95,"lower_bound":-0.03533592565306725,"upper_bound":0.0019259793038083435},"point_estimate":-0.01816225853071307,"standard_error":0.009400895482196117},"Median":{"confidence_interval":{"confidence_level":0.95,"lower_bound":-0.02395634916228584,"upper_bound":0.0060774039856184014},"point_estimate":-0.006769972554699355,"standard_error":0.007361645790005275}}