{"Mean":{"confidence_interval":{"confidence_level":0.95,"lower_bound":-0.043302164807355145,"upper_bound":-0.02417739656847565},"point_estimate":-0.03361848179713611,"standard_error":0.004901467231675985},"Median":{"confidence_interval":{"confidence_level":0.95,"lower_bound":-0.04634564580824674,"upper_bound":-0.027380868550278326},"point_estimate":-0.037403902889264096,"standard_error":0.004913017353983451}}