{"Mean":{"confidence_interval":{"confidence_level":0.95,"lower_bound":-0.09470308617934058,"upper_bound":-0.07020563350016217},"point_estimate":-0.08265282530991025,"standard_error":0.00626293702469794},"Median":{"confidence_interval":{"confidence_level":0.95,"lower_bound":-0.09802454792483217,"upper_bound":-0.06893943140900094},"point_estimate":-0.0863069310978507,"standard_error":0.00729429700700239}}