{"Mean":{"confidence_interval":{"confidence_level":0.95,"lower_bound":1146.597023133258,"upper_bound":1166.392521031878},"point_estimate":1156.1200037510498,"standard_error":5.050260326332522},"Median":{"confidence_interval":{"confidence_level":0.95,"lower_bound":1133.1444419203392,"upper_bound":1157.1343896713615},"point_estimate":1141.3965293540114,"standard_error":6.010301042318858},"MedianAbsDev":{"confidence_interval":{"confidence_level":0.95,"lower_bound":26.011862182243323,"upper_bound":46.817215463555705},"point_estimate":35.10099369107887,"standard_error":5.228620782348496},"Slope":{"confidence_interval":{"confidence_level":0.95,"lower_bound":1147.289131998818,"upper_bound":1163.3036403622043},"point_estimate":1155.226350145105,"standard_error":4.08024626436076},"StdDev":{"confidence_interval":{"confidence_level":0.95,"lower_bound":38.86446637830748,"upper_bound":62.85493136473476},"point_estimate":50.91506430810427,"standard_error":6.167207422974651}}