{"Mean":{"confidence_interval":{"confidence_level":0.95,"lower_bound":1433.9779212190226,"upper_bound":1462.0579771155965},"point_estimate":1447.2004748933705,"standard_error":7.152887800983483},"Median":{"confidence_interval":{"confidence_level":0.95,"lower_bound":1417.2023012501277,"upper_bound":1451.7422473828606},"point_estimate":1435.2208738556117,"standard_error":8.776261978302934},"MedianAbsDev":{"confidence_interval":{"confidence_level":0.95,"lower_bound":45.539545768208406,"upper_bound":70.8035611024358},"point_estimate":62.129892217648816,"standard_error":6.393337970260264},"Slope":{"confidence_interval":{"confidence_level":0.95,"lower_bound":1427.8911915350832,"upper_bound":1452.0209096677802},"point_estimate":1440.2521871695096,"standard_error":6.180602621504543},"StdDev":{"confidence_interval":{"confidence_level":0.95,"lower_bound":48.80664912296185,"upper_bound":93.55175661603762},"point_estimate":72.07732625877716,"standard_error":11.507043587237233}}