{"Mean":{"confidence_interval":{"confidence_level":0.95,"lower_bound":301.32900459378317,"upper_bound":306.4746633808241},"point_estimate":303.7809077360802,"standard_error":1.3147612184664048},"Median":{"confidence_interval":{"confidence_level":0.95,"lower_bound":298.91265868049345,"upper_bound":302.5404396439427},"point_estimate":301.26064238664594,"standard_error":0.9396224501348285},"MedianAbsDev":{"confidence_interval":{"confidence_level":0.95,"lower_bound":5.635126603605709,"upper_bound":11.099901965450552},"point_estimate":8.803167344093131,"standard_error":1.3994381583070437},"Slope":{"confidence_interval":{"confidence_level":0.95,"lower_bound":301.76668388876465,"upper_bound":306.31022572822394},"point_estimate":303.93006548496794,"standard_error":1.1610397209833014},"StdDev":{"confidence_interval":{"confidence_level":0.95,"lower_bound":9.842314582509859,"upper_bound":16.3071474889183},"point_estimate":13.216413521323814,"standard_error":1.6618098882351866}}