{"Mean":{"confidence_interval":{"confidence_level":0.95,"lower_bound":3459.373547335857,"upper_bound":3523.736477734689},"point_estimate":3488.5322712537804,"standard_error":16.500947914417797},"Median":{"confidence_interval":{"confidence_level":0.95,"lower_bound":3431.884369596271,"upper_bound":3459.7768330388694},"point_estimate":3446.8803105905195,"standard_error":7.850499750431145},"MedianAbsDev":{"confidence_interval":{"confidence_level":0.95,"lower_bound":49.59380604874237,"upper_bound":88.01883348726494},"point_estimate":68.30472081317622,"standard_error":9.752399139064858},"Slope":{"confidence_interval":{"confidence_level":0.95,"lower_bound":3471.9097693335207,"upper_bound":3583.290166270283},"point_estimate":3519.6659095036657,"standard_error":28.8627305508077},"StdDev":{"confidence_interval":{"confidence_level":0.95,"lower_bound":91.87832070695787,"upper_bound":239.24658286845903},"point_estimate":165.79187990646793,"standard_error":39.773545236386944}}