{"Mean":{"confidence_interval":{"confidence_level":0.95,"lower_bound":-0.017191141293783838,"upper_bound":0.006653422337112607},"point_estimate":-0.005240968173037874,"standard_error":0.006112346538907301},"Median":{"confidence_interval":{"confidence_level":0.95,"lower_bound":-0.012161921495358552,"upper_bound":0.01622867657701261},"point_estimate":0.004525297933708039,"standard_error":0.007115176356645168}}