{"Mean":{"confidence_interval":{"confidence_level":0.95,"lower_bound":0.017496117491852665,"upper_bound":0.04164046656882804},"point_estimate":0.029416814361851618,"standard_error":0.006165077476638667},"Median":{"confidence_interval":{"confidence_level":0.95,"lower_bound":0.008542015205901043,"upper_bound":0.03316803044391459},"point_estimate":0.01979795567378706,"standard_error":0.0062207699395374245}}