{"Mean":{"confidence_interval":{"confidence_level":0.95,"lower_bound":1.8986255125161526,"upper_bound":2.0529165454683125},"point_estimate":1.9751459763506727,"standard_error":0.03949018797389291},"Median":{"confidence_interval":{"confidence_level":0.95,"lower_bound":2.000621115715636,"upper_bound":2.1022995943465617},"point_estimate":2.0396953641627356,"standard_error":0.02686231438733271}}