{"Mean":{"confidence_interval":{"confidence_level":0.95,"lower_bound":-0.038619509818223714,"upper_bound":-0.014322529725752505},"point_estimate":-0.026818299829645453,"standard_error":0.006209329160205967},"Median":{"confidence_interval":{"confidence_level":0.95,"lower_bound":-0.04893816764005859,"upper_bound":-0.026079866678895836},"point_estimate":-0.03734697999447745,"standard_error":0.005628203985297424}}