{"Mean":{"confidence_interval":{"confidence_level":0.95,"lower_bound":0.0005625311588443996,"upper_bound":0.018671480762057473},"point_estimate":0.008939142856474902,"standard_error":0.0046765287561570295},"Median":{"confidence_interval":{"confidence_level":0.95,"lower_bound":-0.00626017327590167,"upper_bound":0.007179381269866392},"point_estimate":0.00027363827979454136,"standard_error":0.003127717584749977}}