{"Mean":{"confidence_interval":{"confidence_level":0.95,"lower_bound":62339.07178857632,"upper_bound":62851.177347874356},"point_estimate":62588.89613335228,"standard_error":130.7484989459738},"Median":{"confidence_interval":{"confidence_level":0.95,"lower_bound":62011.55625,"upper_bound":62614.17317708333},"point_estimate":62388.5592032967,"standard_error":166.73869377829269},"MedianAbsDev":{"confidence_interval":{"confidence_level":0.95,"lower_bound":874.609763005187,"upper_bound":1547.863903848336},"point_estimate":1244.2413780064576,"standard_error":180.48268097240972},"Slope":{"confidence_interval":{"confidence_level":0.95,"lower_bound":62057.48052414274,"upper_bound":62693.24556491666},"point_estimate":62360.17008256982,"standard_error":162.33946680445285},"StdDev":{"confidence_interval":{"confidence_level":0.95,"lower_bound":1094.3441974275913,"upper_bound":1511.2486157500555},"point_estimate":1311.627742627662,"standard_error":106.42987879362991}}