{"Mean":{"confidence_interval":{"confidence_level":0.95,"lower_bound":14527746.413943542,"upper_bound":14717439.278426228},"point_estimate":14615084.879498703,"standard_error":48567.56297350931},"Median":{"confidence_interval":{"confidence_level":0.95,"lower_bound":14440328.863925438,"upper_bound":14550258.844202898},"point_estimate":14492609.786538461,"standard_error":27975.69770541911},"MedianAbsDev":{"confidence_interval":{"confidence_level":0.95,"lower_bound":181885.89584351535,"upper_bound":336689.9864795818},"point_estimate":247621.97353520713,"standard_error":39672.32165588601},"Slope":{"confidence_interval":{"confidence_level":0.95,"lower_bound":14368028.796664806,"upper_bound":14494544.398041839},"point_estimate":14426523.62241466,"standard_error":32220.501055397894},"StdDev":{"confidence_interval":{"confidence_level":0.95,"lower_bound":298174.2030891983,"upper_bound":678761.243787898},"point_estimate":487761.3133384567,"standard_error":101476.16435620411}}