{"Mean":{"confidence_interval":{"confidence_level":0.95,"lower_bound":-0.27342632075254225,"upper_bound":-0.25424172559468733},"point_estimate":-0.2638020413481874,"standard_error":0.00491885192871365},"Median":{"confidence_interval":{"confidence_level":0.95,"lower_bound":-0.2756942091217738,"upper_bound":-0.25533987756459753},"point_estimate":-0.26557989841323004,"standard_error":0.005231715457939209}}