{"Mean":{"confidence_interval":{"confidence_level":0.95,"lower_bound":1154.9333670144065,"upper_bound":1190.9069551394673},"point_estimate":1172.097347838348,"standard_error":9.190836750462097},"Median":{"confidence_interval":{"confidence_level":0.95,"lower_bound":1134.1696234496867,"upper_bound":1188.466469038208},"point_estimate":1146.001395097962,"standard_error":11.370590705424135},"MedianAbsDev":{"confidence_interval":{"confidence_level":0.95,"lower_bound":60.5419539378466,"upper_bound":91.62994148943524},"point_estimate":82.9519018776931,"standard_error":7.8045696172823185},"Slope":{"confidence_interval":{"confidence_level":0.95,"lower_bound":1148.702177787165,"upper_bound":1184.6565363212483},"point_estimate":1165.3287889052372,"standard_error":9.187169302966536},"StdDev":{"confidence_interval":{"confidence_level":0.95,"lower_bound":69.14034121569507,"upper_bound":117.10828382092197},"point_estimate":92.17295042615662,"standard_error":12.627880501597868}}