{"Mean":{"confidence_interval":{"confidence_level":0.95,"lower_bound":3065208.727820952,"upper_bound":3094025.6769603975},"point_estimate":3078874.5336295976,"standard_error":7367.863419825721},"Median":{"confidence_interval":{"confidence_level":0.95,"lower_bound":3053699.5749330954,"upper_bound":3075403.759722222},"point_estimate":3067612.269565217,"standard_error":6406.062765101699},"MedianAbsDev":{"confidence_interval":{"confidence_level":0.95,"lower_bound":27631.19993792299,"upper_bound":50637.1007281092},"point_estimate":37454.74810587871,"standard_error":5839.652143890784},"Slope":{"confidence_interval":{"confidence_level":0.95,"lower_bound":3067257.4843504177,"upper_bound":3092075.896000654},"point_estimate":3078823.3909265553,"standard_error":6341.816895380562},"StdDev":{"confidence_interval":{"confidence_level":0.95,"lower_bound":50131.783515825664,"upper_bound":95700.50183626488},"point_estimate":73959.75149106175,"standard_error":11724.050030672734}}