{"Mean":{"confidence_interval":{"confidence_level":0.95,"lower_bound":34064.527622104426,"upper_bound":34576.928951676426},"point_estimate":34307.74593538615,"standard_error":130.76043365479845},"Median":{"confidence_interval":{"confidence_level":0.95,"lower_bound":33698.599469496025,"upper_bound":34099.16696521869},"point_estimate":33867.43358133595,"standard_error":98.90879117121447},"MedianAbsDev":{"confidence_interval":{"confidence_level":0.95,"lower_bound":504.09540952801007,"upper_bound":961.6109464048025},"point_estimate":744.6822161920654,"standard_error":112.30490541765732},"Slope":{"confidence_interval":{"confidence_level":0.95,"lower_bound":33953.124656881526,"upper_bound":34386.56085647506},"point_estimate":34162.63142593621,"standard_error":110.7509632858713},"StdDev":{"confidence_interval":{"confidence_level":0.95,"lower_bound":945.2424495444108,"upper_bound":1635.5336269736363},"point_estimate":1312.4026468852426,"standard_error":176.9890092682848}}