{"Mean":{"confidence_interval":{"confidence_level":0.95,"lower_bound":20523.25835479645,"upper_bound":20820.439947105424},"point_estimate":20666.5032173957,"standard_error":75.99052874890083},"Median":{"confidence_interval":{"confidence_level":0.95,"lower_bound":20370.071271929824,"upper_bound":20623.926630434784},"point_estimate":20505.142968142965,"standard_error":74.5406973435515},"MedianAbsDev":{"confidence_interval":{"confidence_level":0.95,"lower_bound":371.81768982079177,"upper_bound":756.0183637587827},"point_estimate":569.7954404070065,"standard_error":96.0323699228542},"Slope":{"confidence_interval":{"confidence_level":0.95,"lower_bound":20596.817672309277,"upper_bound":21000.60973182532},"point_estimate":20781.824395165262,"standard_error":103.4026769837028},"StdDev":{"confidence_interval":{"confidence_level":0.95,"lower_bound":589.0123499375368,"upper_bound":930.2360886234668},"point_estimate":764.7729695501819,"standard_error":87.89651913874098}}