{"Mean":{"confidence_interval":{"confidence_level":0.95,"lower_bound":51386265.851095095,"upper_bound":53797135.24839728},"point_estimate":52480211.153510556,"standard_error":621791.991521321},"Median":{"confidence_interval":{"confidence_level":0.95,"lower_bound":50786105.92307692,"upper_bound":53198168.0},"point_estimate":51293061.0,"standard_error":614557.3452801798},"MedianAbsDev":{"confidence_interval":{"confidence_level":0.95,"lower_bound":316689.07297764666,"upper_bound":3176718.779101968},"point_estimate":837658.9775785804,"standard_error":763381.2051865172},"Slope":{"confidence_interval":{"confidence_level":0.95,"lower_bound":51027034.58562219,"upper_bound":52457352.23566351},"point_estimate":51495416.3782258,"standard_error":372276.773429595},"StdDev":{"confidence_interval":{"confidence_level":0.95,"lower_bound":984810.4314105609,"upper_bound":3274870.5290386504},"point_estimate":2488831.1208964614,"standard_error":578714.178235239}}