{"Mean":{"confidence_interval":{"confidence_level":0.95,"lower_bound":4832053.004303778,"upper_bound":5011712.778606249},"point_estimate":4917179.681312394,"standard_error":45955.91289789104},"Median":{"confidence_interval":{"confidence_level":0.95,"lower_bound":4664953.875,"upper_bound":4861243.492063492},"point_estimate":4736767.067868505,"standard_error":54269.027639519685},"MedianAbsDev":{"confidence_interval":{"confidence_level":0.95,"lower_bound":161237.2553015174,"upper_bound":360740.95488177985},"point_estimate":230454.96247014473,"standard_error":53938.56948768971},"Slope":{"confidence_interval":{"confidence_level":0.95,"lower_bound":4685455.459699328,"upper_bound":4827540.782010127},"point_estimate":4749345.38227575,"standard_error":36632.12231685904},"StdDev":{"confidence_interval":{"confidence_level":0.95,"lower_bound":340593.550167557,"upper_bound":570236.5046066312},"point_estimate":461428.7906446247,"standard_error":59060.07055345974}}