{"Mean":{"confidence_interval":{"confidence_level":0.95,"lower_bound":110632.09914170965,"upper_bound":112965.35338548015},"point_estimate":111788.49159211486,"standard_error":597.0532743850584},"Median":{"confidence_interval":{"confidence_level":0.95,"lower_bound":109612.90810810811,"upper_bound":112782.8938265475},"point_estimate":110935.58010714286,"standard_error":841.3391404619532},"MedianAbsDev":{"confidence_interval":{"confidence_level":0.95,"lower_bound":4342.640677357262,"upper_bound":7897.270671802212},"point_estimate":5558.479663954163,"standard_error":888.6273609160769},"Slope":{"confidence_interval":{"confidence_level":0.95,"lower_bound":113822.59812431267,"upper_bound":116603.4267830498},"point_estimate":115307.37642323038,"standard_error":708.0753767829244},"StdDev":{"confidence_interval":{"confidence_level":0.95,"lower_bound":5245.228720265188,"upper_bound":6643.922258014152},"point_estimate":5988.347058125104,"standard_error":357.3649834865193}}