{"Mean":{"confidence_interval":{"confidence_level":0.95,"lower_bound":31844.890456957222,"upper_bound":32176.146950300812},"point_estimate":32004.345831005696,"standard_error":84.69613264119322},"Median":{"confidence_interval":{"confidence_level":0.95,"lower_bound":31712.27047146402,"upper_bound":32001.906822293808},"point_estimate":31849.00790159661,"standard_error":78.00346860764337},"MedianAbsDev":{"confidence_interval":{"confidence_level":0.95,"lower_bound":363.84513573311716,"upper_bound":646.6183466360667},"point_estimate":503.17008903268544,"standard_error":74.36178651097623},"Slope":{"confidence_interval":{"confidence_level":0.95,"lower_bound":31899.639080153087,"upper_bound":32135.930165093294},"point_estimate":32013.36289831583,"standard_error":60.297053366040636},"StdDev":{"confidence_interval":{"confidence_level":0.95,"lower_bound":619.3488705545,"upper_bound":1056.9074591288663},"point_estimate":849.8987185401708,"standard_error":112.39658470946131}}