{"Mean":{"confidence_interval":{"confidence_level":0.95,"lower_bound":-0.008511967147870123,"upper_bound":0.027639707331184905},"point_estimate":0.009735965424853887,"standard_error":0.0091182160634232},"Median":{"confidence_interval":{"confidence_level":0.95,"lower_bound":-0.004975611760024745,"upper_bound":0.025935400183191293},"point_estimate":0.0056792459049985755,"standard_error":0.00796352995401894}}