{"Mean":{"confidence_interval":{"confidence_level":0.95,"lower_bound":109481.28729479229,"upper_bound":113608.92168918646},"point_estimate":111505.31094402116,"standard_error":1051.5971148958372},"Median":{"confidence_interval":{"confidence_level":0.95,"lower_bound":107433.90263157895,"upper_bound":115003.93055555556},"point_estimate":111659.37315789473,"standard_error":1645.9907189408343},"MedianAbsDev":{"confidence_interval":{"confidence_level":0.95,"lower_bound":8537.31127302932,"upper_bound":13566.87057453991},"point_estimate":11413.075125685113,"standard_error":1302.8891100671585},"Slope":{"confidence_interval":{"confidence_level":0.95,"lower_bound":106440.34382914865,"upper_bound":110398.99100895943},"point_estimate":108387.57307344466,"standard_error":1012.2341238900649},"StdDev":{"confidence_interval":{"confidence_level":0.95,"lower_bound":8806.261334044351,"upper_bound":12287.746906271039},"point_estimate":10579.362962160756,"standard_error":892.9588028933465}}