{"Mean":{"confidence_interval":{"confidence_level":0.95,"lower_bound":100581.91152801567,"upper_bound":103909.54770247295},"point_estimate":102198.965546497,"standard_error":849.8442768686882},"Median":{"confidence_interval":{"confidence_level":0.95,"lower_bound":97305.61153846154,"upper_bound":99633.23243243243},"point_estimate":98310.56085026085,"standard_error":674.8149838008746},"MedianAbsDev":{"confidence_interval":{"confidence_level":0.95,"lower_bound":2597.385301868716,"upper_bound":6128.513513923059},"point_estimate":4028.033479867459,"standard_error":997.1404111536544},"Slope":{"confidence_interval":{"confidence_level":0.95,"lower_bound":101737.70958365854,"upper_bound":106008.30450194512},"point_estimate":103792.9341519137,"standard_error":1091.1871878537065},"StdDev":{"confidence_interval":{"confidence_level":0.95,"lower_bound":7215.620830844462,"upper_bound":9574.454898592774},"point_estimate":8542.258885134286,"standard_error":602.1580027450327}}