{"Mean":{"confidence_interval":{"confidence_level":0.95,"lower_bound":35253.247672383586,"upper_bound":35915.129071477466},"point_estimate":35566.924490944526,"standard_error":169.49535589309386},"Median":{"confidence_interval":{"confidence_level":0.95,"lower_bound":34941.00626959248,"upper_bound":35329.9324137931},"point_estimate":35159.61777154059,"standard_error":86.65367220210155},"MedianAbsDev":{"confidence_interval":{"confidence_level":0.95,"lower_bound":686.1173219096049,"upper_bound":1256.9573026896574},"point_estimate":878.6342096700743,"standard_error":143.8700217075611},"Slope":{"confidence_interval":{"confidence_level":0.95,"lower_bound":34697.88008865116,"upper_bound":35230.43389928193},"point_estimate":34946.10730054066,"standard_error":135.67372697708203},"StdDev":{"confidence_interval":{"confidence_level":0.95,"lower_bound":1209.8079880956675,"upper_bound":2147.7907816249954},"point_estimate":1699.1565865102552,"standard_error":240.7841310928905}}