{"Mean":{"confidence_interval":{"confidence_level":0.95,"lower_bound":435717.3488737312,"upper_bound":445278.38877036585},"point_estimate":440024.35771657975,"standard_error":2444.6320839752234},"Median":{"confidence_interval":{"confidence_level":0.95,"lower_bound":429999.81333333335,"upper_bound":435221.9537037037},"point_estimate":432938.0715488215,"standard_error":1324.943126169844},"MedianAbsDev":{"confidence_interval":{"confidence_level":0.95,"lower_bound":6512.39612444523,"upper_bound":13473.585803492242},"point_estimate":10503.661048016971,"standard_error":1886.7243315078592},"Slope":{"confidence_interval":{"confidence_level":0.95,"lower_bound":435293.5790307903,"upper_bound":443407.9887006862},"point_estimate":439100.47595881973,"standard_error":2075.3338325533773},"StdDev":{"confidence_interval":{"confidence_level":0.95,"lower_bound":13878.95208614097,"upper_bound":35465.09042206488},"point_estimate":24567.86988125675,"standard_error":6033.381019651532}}