{"Mean":{"confidence_interval":{"confidence_level":0.95,"lower_bound":301783.5311180172,"upper_bound":309077.7699144879},"point_estimate":305094.03257361683,"standard_error":1864.0596980950604},"Median":{"confidence_interval":{"confidence_level":0.95,"lower_bound":295637.6881443299,"upper_bound":303347.8214285714},"point_estimate":297783.2030701754,"standard_error":2130.3140962868406},"MedianAbsDev":{"confidence_interval":{"confidence_level":0.95,"lower_bound":5134.554490426432,"upper_bound":13137.209257159528},"point_estimate":8201.581527145627,"standard_error":2111.638313559453},"Slope":{"confidence_interval":{"confidence_level":0.95,"lower_bound":296012.24642092915,"upper_bound":299700.9224820672},"point_estimate":297616.0844532289,"standard_error":945.1424314500482},"StdDev":{"confidence_interval":{"confidence_level":0.95,"lower_bound":11240.527463935883,"upper_bound":26801.940913566483},"point_estimate":18789.295731378796,"standard_error":4420.877638201185}}