{"Mean":{"confidence_interval":{"confidence_level":0.95,"lower_bound":0.03422348859262658,"upper_bound":0.06072557607408383},"point_estimate":0.0470857072039359,"standard_error":0.006803078438103666},"Median":{"confidence_interval":{"confidence_level":0.95,"lower_bound":0.03363618262171908,"upper_bound":0.052995771575360014},"point_estimate":0.044379222440789734,"standard_error":0.0048623139721790535}}