{"Mean":{"confidence_interval":{"confidence_level":0.95,"lower_bound":-0.05344573436287099,"upper_bound":-0.029340375967336015},"point_estimate":-0.04102276744065059,"standard_error":0.006123631470182912},"Median":{"confidence_interval":{"confidence_level":0.95,"lower_bound":-0.05648802625892502,"upper_bound":-0.03794877511286954},"point_estimate":-0.047874589198897644,"standard_error":0.004717695539901187}}