{"Mean":{"confidence_interval":{"confidence_level":0.95,"lower_bound":1.9790271639799175,"upper_bound":2.0416942496636215},"point_estimate":2.011209238672755,"standard_error":0.016042897867268008},"Median":{"confidence_interval":{"confidence_level":0.95,"lower_bound":2.003549036109303,"upper_bound":2.0675398307982134},"point_estimate":2.0410188199073698,"standard_error":0.01670440580305732}}