{"Mean":{"confidence_interval":{"confidence_level":0.95,"lower_bound":-0.06111137355827041,"upper_bound":-0.04383044167260614},"point_estimate":-0.05260214520256479,"standard_error":0.004420242060810898},"Median":{"confidence_interval":{"confidence_level":0.95,"lower_bound":-0.06189967201000579,"upper_bound":-0.0456833193389794},"point_estimate":-0.0535546175834789,"standard_error":0.0040949463017960885}}