{"Mean":{"confidence_interval":{"confidence_level":0.95,"lower_bound":-0.021782382764068815,"upper_bound":0.0015054861807348877},"point_estimate":-0.009165764368249563,"standard_error":0.005953884651804925},"Median":{"confidence_interval":{"confidence_level":0.95,"lower_bound":-0.009733389435585521,"upper_bound":0.006944226753065497},"point_estimate":0.00043837833209980914,"standard_error":0.004380128429822904}}