{"Mean":{"confidence_interval":{"confidence_level":0.95,"lower_bound":-0.5178202460455521,"upper_bound":-0.49519655202594404},"point_estimate":-0.5075054222597745,"standard_error":0.005821292774328477},"Median":{"confidence_interval":{"confidence_level":0.95,"lower_bound":-0.5326578150164051,"upper_bound":-0.50444016531194},"point_estimate":-0.510220038683065,"standard_error":0.009010267373984566}}