{"Mean":{"confidence_interval":{"confidence_level":0.95,"lower_bound":42428.929609276434,"upper_bound":43417.55576147764},"point_estimate":42890.26590259542,"standard_error":252.80764500029466},"Median":{"confidence_interval":{"confidence_level":0.95,"lower_bound":42282.11885964912,"upper_bound":42833.9660218254},"point_estimate":42464.57059734292,"standard_error":174.43604599026136},"MedianAbsDev":{"confidence_interval":{"confidence_level":0.95,"lower_bound":1259.7594592531545,"upper_bound":2077.9573152141397},"point_estimate":1694.2671301847454,"standard_error":211.8841793221826},"Slope":{"confidence_interval":{"confidence_level":0.95,"lower_bound":42697.280442929456,"upper_bound":43267.02411632295},"point_estimate":42974.98462858972,"standard_error":145.09752662701723},"StdDev":{"confidence_interval":{"confidence_level":0.95,"lower_bound":1627.0107767401507,"upper_bound":3381.2493202790374},"point_estimate":2542.953569916738,"standard_error":454.64811511536664}}