{"Mean":{"confidence_interval":{"confidence_level":0.95,"lower_bound":23669.75245006889,"upper_bound":24197.540314669986},"point_estimate":23908.033151356365,"standard_error":135.11068703097555},"Median":{"confidence_interval":{"confidence_level":0.95,"lower_bound":23404.751312412278,"upper_bound":23709.303578003368},"point_estimate":23527.371825396825,"standard_error":87.81453677648145},"MedianAbsDev":{"confidence_interval":{"confidence_level":0.95,"lower_bound":426.33000385994393,"upper_bound":773.332310995538},"point_estimate":609.3829339933412,"standard_error":86.64107180205919},"Slope":{"confidence_interval":{"confidence_level":0.95,"lower_bound":23639.126938685742,"upper_bound":24007.204346093644},"point_estimate":23808.16257833886,"standard_error":93.90530601437891},"StdDev":{"confidence_interval":{"confidence_level":0.95,"lower_bound":756.3223036356347,"upper_bound":1917.3623564854536},"point_estimate":1352.745491725463,"standard_error":305.8994336452239}}