{"Mean":{"confidence_interval":{"confidence_level":0.95,"lower_bound":1857.6184503715824,"upper_bound":1902.3918818054347},"point_estimate":1879.8226382144276,"standard_error":11.419184647146551},"Median":{"confidence_interval":{"confidence_level":0.95,"lower_bound":1831.4450193050193,"upper_bound":1921.3982748706153},"point_estimate":1868.2217424741816,"standard_error":21.861835953888225},"MedianAbsDev":{"confidence_interval":{"confidence_level":0.95,"lower_bound":100.98080713722786,"upper_bound":156.73110921330834},"point_estimate":126.56534492836198,"standard_error":13.730249634716227},"Slope":{"confidence_interval":{"confidence_level":0.95,"lower_bound":1811.9623217282326,"upper_bound":1871.816750398569},"point_estimate":1840.7953497111712,"standard_error":15.294109380690136},"StdDev":{"confidence_interval":{"confidence_level":0.95,"lower_bound":99.70968665998812,"upper_bound":128.22668988299438},"point_estimate":114.62480693261739,"standard_error":7.307828937346507}}