{"Mean":{"confidence_interval":{"confidence_level":0.95,"lower_bound":2422.680320761314,"upper_bound":2489.6897148860626},"point_estimate":2453.515824783015,"standard_error":17.15999869877681},"Median":{"confidence_interval":{"confidence_level":0.95,"lower_bound":2387.5987868762063,"upper_bound":2423.2230497099144},"point_estimate":2411.006546455471,"standard_error":8.149289935158505},"MedianAbsDev":{"confidence_interval":{"confidence_level":0.95,"lower_bound":71.66335940564966,"upper_bound":119.2606503450022},"point_estimate":95.29235904826872,"standard_error":11.680372622155273},"Slope":{"confidence_interval":{"confidence_level":0.95,"lower_bound":2393.006096969988,"upper_bound":2438.674315093126},"point_estimate":2414.7827893136337,"standard_error":11.67471041253818},"StdDev":{"confidence_interval":{"confidence_level":0.95,"lower_bound":104.41318476289491,"upper_bound":232.87088748691428},"point_estimate":171.86002589257686,"standard_error":33.104498645882174}}