{"Mean":{"confidence_interval":{"confidence_level":0.95,"lower_bound":3902.835364698403,"upper_bound":3968.111637397709},"point_estimate":3934.1473188506316,"standard_error":16.644274405066326},"Median":{"confidence_interval":{"confidence_level":0.95,"lower_bound":3860.9774236387784,"upper_bound":3941.7284196547143},"point_estimate":3905.4808567926098,"standard_error":21.543835154132267},"MedianAbsDev":{"confidence_interval":{"confidence_level":0.95,"lower_bound":97.77179189733089,"upper_bound":172.75658044904807},"point_estimate":129.7399301506634,"standard_error":20.096393034326365},"Slope":{"confidence_interval":{"confidence_level":0.95,"lower_bound":3892.576590015133,"upper_bound":3979.2289481461635},"point_estimate":3933.9184140988873,"standard_error":22.14747622288434},"StdDev":{"confidence_interval":{"confidence_level":0.95,"lower_bound":126.87322743859414,"upper_bound":205.98582649114314},"point_estimate":167.4329627495561,"standard_error":20.230994643837317}}