{"Mean":{"confidence_interval":{"confidence_level":0.95,"lower_bound":2692.066130267731,"upper_bound":2752.3815620396267},"point_estimate":2720.753072400081,"standard_error":15.413583612190768},"Median":{"confidence_interval":{"confidence_level":0.95,"lower_bound":2672.987222653889,"upper_bound":2712.9285523504273},"point_estimate":2700.611023485471,"standard_error":7.963482138657092},"MedianAbsDev":{"confidence_interval":{"confidence_level":0.95,"lower_bound":76.13404290575136,"upper_bound":139.67854641471698},"point_estimate":108.64517037423498,"standard_error":15.18265344980504},"Slope":{"confidence_interval":{"confidence_level":0.95,"lower_bound":2670.8198620183275,"upper_bound":2716.8255316832433},"point_estimate":2693.076989681364,"standard_error":11.753125512293941},"StdDev":{"confidence_interval":{"confidence_level":0.95,"lower_bound":111.7870773976153,"upper_bound":195.75074213934207},"point_estimate":155.02612881342912,"standard_error":21.522912390113778}}