{"Mean":{"confidence_interval":{"confidence_level":0.95,"lower_bound":24262.15518573064,"upper_bound":24530.585555322927},"point_estimate":24394.195335814362,"standard_error":68.48097291790691},"Median":{"confidence_interval":{"confidence_level":0.95,"lower_bound":24067.97373358349,"upper_bound":24429.26509093957},"point_estimate":24274.874264833074,"standard_error":101.0131879033063},"MedianAbsDev":{"confidence_interval":{"confidence_level":0.95,"lower_bound":506.21856989524537,"upper_bound":854.9253798877085},"point_estimate":661.5317208923381,"standard_error":93.62099683237565},"Slope":{"confidence_interval":{"confidence_level":0.95,"lower_bound":24192.649650054995,"upper_bound":24482.953952560674},"point_estimate":24335.61525401248,"standard_error":74.0363344573616},"StdDev":{"confidence_interval":{"confidence_level":0.95,"lower_bound":583.3330636940434,"upper_bound":783.9696521307085},"point_estimate":688.349177995827,"standard_error":51.375108428184845}}