{"Mean":{"confidence_interval":{"confidence_level":0.95,"lower_bound":19249154.36589081,"upper_bound":19351160.675999165},"point_estimate":19297905.115457047,"standard_error":26085.47251500036},"Median":{"confidence_interval":{"confidence_level":0.95,"lower_bound":19187413.818181816,"upper_bound":19291653.25689791},"point_estimate":19217581.43287546,"standard_error":25369.986052629418},"MedianAbsDev":{"confidence_interval":{"confidence_level":0.95,"lower_bound":138748.6583530831,"upper_bound":246426.56799262486},"point_estimate":192670.12377856125,"standard_error":28062.379164560814},"Slope":{"confidence_interval":{"confidence_level":0.95,"lower_bound":19311379.510618124,"upper_bound":19445542.319635388},"point_estimate":19378338.065964237,"standard_error":34261.18362475676},"StdDev":{"confidence_interval":{"confidence_level":0.95,"lower_bound":193427.901256761,"upper_bound":330093.1887908119},"point_estimate":262523.51535762765,"standard_error":35276.19229060434}}