{"Mean":{"confidence_interval":{"confidence_level":0.95,"lower_bound":-0.7257300072127882,"upper_bound":-0.7159253532295182},"point_estimate":-0.7215609124705242,"standard_error":0.002587031237343791},"Median":{"confidence_interval":{"confidence_level":0.95,"lower_bound":-0.7270440726564381,"upper_bound":-0.7230303655465556},"point_estimate":-0.7244539997792886,"standard_error":0.001099453652756595}}