{"Mean":{"confidence_interval":{"confidence_level":0.95,"lower_bound":10113534.592603112,"upper_bound":10579770.163523197},"point_estimate":10333803.408795219,"standard_error":118991.85524377108},"Median":{"confidence_interval":{"confidence_level":0.95,"lower_bound":9753309.596685972,"upper_bound":10358644.307692308},"point_estimate":10222930.973303167,"standard_error":193659.13457292423},"MedianAbsDev":{"confidence_interval":{"confidence_level":0.95,"lower_bound":686667.7989349668,"upper_bound":1281348.21847997},"point_estimate":1078493.5300514456,"standard_error":170113.97939752834},"Slope":{"confidence_interval":{"confidence_level":0.95,"lower_bound":10451115.356413793,"upper_bound":10843140.22194897},"point_estimate":10648752.454455446,"standard_error":99771.81419947169},"StdDev":{"confidence_interval":{"confidence_level":0.95,"lower_bound":822715.0030716395,"upper_bound":1549856.4050365982},"point_estimate":1195934.7985452074,"standard_error":187702.74498627416}}