{"Mean":{"confidence_interval":{"confidence_level":0.95,"lower_bound":0.24066623374862967,"upper_bound":0.27561070784076025},"point_estimate":0.25851925496521067,"standard_error":0.008950650147321654},"Median":{"confidence_interval":{"confidence_level":0.95,"lower_bound":0.24771275573794793,"upper_bound":0.2814801288790838},"point_estimate":0.26590111720414833,"standard_error":0.008522813138843607}}