{"Mean":{"confidence_interval":{"confidence_level":0.95,"lower_bound":-0.8593784475142495,"upper_bound":-0.855961712567031},"point_estimate":-0.8576203356161831,"standard_error":0.000873780221339276},"Median":{"confidence_interval":{"confidence_level":0.95,"lower_bound":-0.8594670318372947,"upper_bound":-0.855940662180832},"point_estimate":-0.8579481186642473,"standard_error":0.0008417606969817668}}