{"Mean":{"confidence_interval":{"confidence_level":0.95,"lower_bound":0.020407657367616044,"upper_bound":0.06495420113588588},"point_estimate":0.04254243977711236,"standard_error":0.011333883916290362},"Median":{"confidence_interval":{"confidence_level":0.95,"lower_bound":0.020370686204954858,"upper_bound":0.07225687186208907},"point_estimate":0.034187667973803126,"standard_error":0.011022514583743231}}