{"Mean":{"confidence_interval":{"confidence_level":0.95,"lower_bound":-0.013155908418755776,"upper_bound":0.016843304515104587},"point_estimate":0.002137708887071099,"standard_error":0.007668904642391467},"Median":{"confidence_interval":{"confidence_level":0.95,"lower_bound":-0.003796977646493116,"upper_bound":0.013919329020970483},"point_estimate":0.007875650253517552,"standard_error":0.004581662091701491}}