{"Mean":{"confidence_interval":{"confidence_level":0.95,"lower_bound":505676754.234327,"upper_bound":523904096.63714796},"point_estimate":514502085.3851555,"standard_error":4660205.131371768},"Median":{"confidence_interval":{"confidence_level":0.95,"lower_bound":490084956.5,"upper_bound":502093522.83157897},"point_estimate":496951196.2698413,"standard_error":3229805.2902699523},"MedianAbsDev":{"confidence_interval":{"confidence_level":0.95,"lower_bound":16692218.977212485,"upper_bound":32484737.459083118},"point_estimate":24056695.91065863,"standard_error":4494555.893606747},"Slope":{"confidence_interval":{"confidence_level":0.95,"lower_bound":496371455.4972546,"upper_bound":508913514.0935265},"point_estimate":502298980.87624055,"standard_error":3209532.2100395737},"StdDev":{"confidence_interval":{"confidence_level":0.95,"lower_bound":38294358.22887588,"upper_bound":53928521.11696863},"point_estimate":46993553.01984119,"standard_error":3997750.555527352}}