{"Mean":{"confidence_interval":{"confidence_level":0.95,"lower_bound":9212848.198386645,"upper_bound":9260298.540032916},"point_estimate":9235341.131183404,"standard_error":12102.596782054838},"Median":{"confidence_interval":{"confidence_level":0.95,"lower_bound":9197226.498461537,"upper_bound":9241966.370370371},"point_estimate":9211326.289141415,"standard_error":11121.656928026117},"MedianAbsDev":{"confidence_interval":{"confidence_level":0.95,"lower_bound":62104.3713501659,"upper_bound":114405.1584819438},"point_estimate":81801.80210227308,"standard_error":14222.84671270508},"Slope":{"confidence_interval":{"confidence_level":0.95,"lower_bound":9226975.68084965,"upper_bound":9287501.48463747},"point_estimate":9256035.03245456,"standard_error":15495.828637264898},"StdDev":{"confidence_interval":{"confidence_level":0.95,"lower_bound":86869.50181162443,"upper_bound":157653.77568630353},"point_estimate":121248.27522871841,"standard_error":18548.522008062573}}