{"Mean":{"confidence_interval":{"confidence_level":0.95,"lower_bound":-0.013549596712708953,"upper_bound":0.0018763377394196705},"point_estimate":-0.005536795761228119,"standard_error":0.003927061864142601},"Median":{"confidence_interval":{"confidence_level":0.95,"lower_bound":-0.01136753666359458,"upper_bound":0.0011222739320626562},"point_estimate":-0.003753924058406466,"standard_error":0.003433610937144739}}