{"Mean":{"confidence_interval":{"confidence_level":0.95,"lower_bound":3918.6816977706494,"upper_bound":4026.330098878014},"point_estimate":3963.41958309107,"standard_error":27.925308537050473},"Median":{"confidence_interval":{"confidence_level":0.95,"lower_bound":3893.675045273452,"upper_bound":3957.6177714481437},"point_estimate":3929.3256205945445,"standard_error":15.494698638989817},"MedianAbsDev":{"confidence_interval":{"confidence_level":0.95,"lower_bound":100.17104642120103,"upper_bound":164.11685702802444},"point_estimate":131.52611001554226,"standard_error":15.537558474514846},"Slope":{"confidence_interval":{"confidence_level":0.95,"lower_bound":3891.2734297063903,"upper_bound":3942.244098348032},"point_estimate":3916.459753691014,"standard_error":13.030476300739869},"StdDev":{"confidence_interval":{"confidence_level":0.95,"lower_bound":119.95883831664085,"upper_bound":440.4950910475521},"point_estimate":279.1567732440203,"standard_error":103.15935154916846}}