{"Mean":{"confidence_interval":{"confidence_level":0.95,"lower_bound":-0.8828265672218869,"upper_bound":-0.8804950929902783},"point_estimate":-0.8816890492113666,"standard_error":0.0006023798499561949},"Median":{"confidence_interval":{"confidence_level":0.95,"lower_bound":-0.8828247500261478,"upper_bound":-0.8817222505464233},"point_estimate":-0.8823881538928985,"standard_error":0.0002872811431033466}}