{"Mean":{"confidence_interval":{"confidence_level":0.95,"lower_bound":-0.1794801488982891,"upper_bound":-0.16773575093991386},"point_estimate":-0.17348230168917933,"standard_error":0.002993876290133327},"Median":{"confidence_interval":{"confidence_level":0.95,"lower_bound":-0.17695043308216785,"upper_bound":-0.16727622824554694},"point_estimate":-0.17208175225329525,"standard_error":0.0024596804926740193}}