{"Mean":{"confidence_interval":{"confidence_level":0.95,"lower_bound":-0.5093741348790742,"upper_bound":-0.5024591324240789},"point_estimate":-0.5060010160637552,"standard_error":0.0017646324077472547},"Median":{"confidence_interval":{"confidence_level":0.95,"lower_bound":-0.5083600381300711,"upper_bound":-0.5035136403629146},"point_estimate":-0.5057901340775721,"standard_error":0.001234672012266485}}