{"Mean":{"confidence_interval":{"confidence_level":0.95,"lower_bound":15173.343687546962,"upper_bound":15306.163013913545},"point_estimate":15236.772691451606,"standard_error":33.92359701564651},"Median":{"confidence_interval":{"confidence_level":0.95,"lower_bound":15121.183037475344,"upper_bound":15232.932037193576},"point_estimate":15179.325609791806,"standard_error":32.38153664133232},"MedianAbsDev":{"confidence_interval":{"confidence_level":0.95,"lower_bound":186.4790531175145,"upper_bound":310.95857298616824},"point_estimate":256.60916654721694,"standard_error":32.13989620898205},"Slope":{"confidence_interval":{"confidence_level":0.95,"lower_bound":15141.903649618987,"upper_bound":15266.692651375322},"point_estimate":15201.456246899546,"standard_error":31.90091229009402},"StdDev":{"confidence_interval":{"confidence_level":0.95,"lower_bound":248.30557999072647,"upper_bound":433.6514563483497},"point_estimate":341.7986578544833,"standard_error":47.87745619255916}}