{"Mean":{"confidence_interval":{"confidence_level":0.95,"lower_bound":-0.2717465312435724,"upper_bound":-0.2552054445573702},"point_estimate":-0.26352609996735876,"standard_error":0.004228456046722232},"Median":{"confidence_interval":{"confidence_level":0.95,"lower_bound":-0.28234701430508624,"upper_bound":-0.25863221803112707},"point_estimate":-0.2725968480380422,"standard_error":0.005708082183414658}}