{"Mean":{"confidence_interval":{"confidence_level":0.95,"lower_bound":-0.028415995108321893,"upper_bound":0.007829031331411279},"point_estimate":-0.00964011463892711,"standard_error":0.009223683670203188},"Median":{"confidence_interval":{"confidence_level":0.95,"lower_bound":-0.03364787294746498,"upper_bound":0.019089151997115694},"point_estimate":-0.01056679834331653,"standard_error":0.013169816136529247}}