{"Mean":{"confidence_interval":{"confidence_level":0.95,"lower_bound":-0.037232259492282906,"upper_bound":-0.013765085539784519},"point_estimate":-0.02604566082113635,"standard_error":0.005993800314098489},"Median":{"confidence_interval":{"confidence_level":0.95,"lower_bound":-0.03481748574692867,"upper_bound":-0.01898284678016593},"point_estimate":-0.02605085432093357,"standard_error":0.004184568519597204}}