{"Mean":{"confidence_interval":{"confidence_level":0.95,"lower_bound":-0.8792858666919566,"upper_bound":-0.8746340519964573},"point_estimate":-0.8770447637513124,"standard_error":0.0011764000011727238},"Median":{"confidence_interval":{"confidence_level":0.95,"lower_bound":-0.8790936823903168,"upper_bound":-0.8772437943054067},"point_estimate":-0.8784984313233707,"standard_error":0.00046656012341595094}}