{"Mean":{"confidence_interval":{"confidence_level":0.95,"lower_bound":-0.042856239982259625,"upper_bound":-0.011092055289131559},"point_estimate":-0.02705485464363855,"standard_error":0.008111009216493196},"Median":{"confidence_interval":{"confidence_level":0.95,"lower_bound":-0.021990552390925625,"upper_bound":0.0033655820940002336},"point_estimate":-0.006196801481964442,"standard_error":0.006497114116940639}}