{"Mean":{"confidence_interval":{"confidence_level":0.95,"lower_bound":3904.6096341232596,"upper_bound":3974.5226474203973},"point_estimate":3937.712289252705,"standard_error":17.812621214018645},"Median":{"confidence_interval":{"confidence_level":0.95,"lower_bound":3864.6031227630638,"upper_bound":3940.133503937008},"point_estimate":3880.911821628357,"standard_error":20.423879873380955},"MedianAbsDev":{"confidence_interval":{"confidence_level":0.95,"lower_bound":93.44889914414127,"upper_bound":157.72843466441242},"point_estimate":120.15740198671958,"standard_error":15.366847649538876},"Slope":{"confidence_interval":{"confidence_level":0.95,"lower_bound":3881.2604054883554,"upper_bound":3954.415986770867},"point_estimate":3915.0750925927005,"standard_error":18.66434590527434},"StdDev":{"confidence_interval":{"confidence_level":0.95,"lower_bound":128.15859894947093,"upper_bound":233.6286978606918},"point_estimate":178.36075043561283,"standard_error":28.22785239360644}}