{"Mean":{"confidence_interval":{"confidence_level":0.95,"lower_bound":9626198.778290682,"upper_bound":9695983.10928307},"point_estimate":9660010.037777642,"standard_error":17860.110596936913},"Median":{"confidence_interval":{"confidence_level":0.95,"lower_bound":9569509.467391305,"upper_bound":9655153.395833334},"point_estimate":9614299.875,"standard_error":20981.503510526694},"MedianAbsDev":{"confidence_interval":{"confidence_level":0.95,"lower_bound":100762.22898072147,"upper_bound":181121.92557482724},"point_estimate":136845.28290311873,"standard_error":21115.035715424743},"Slope":{"confidence_interval":{"confidence_level":0.95,"lower_bound":9608820.59488815,"upper_bound":9722433.387388919},"point_estimate":9663568.824164327,"standard_error":29150.807086297405},"StdDev":{"confidence_interval":{"confidence_level":0.95,"lower_bound":145883.8220445505,"upper_bound":209969.2387930146},"point_estimate":179937.8445291227,"standard_error":16413.565296849752}}