{"Mean":{"confidence_interval":{"confidence_level":0.95,"lower_bound":196284.19184875957,"upper_bound":198122.7695085482},"point_estimate":197165.39785716843,"standard_error":469.1227513163469},"Median":{"confidence_interval":{"confidence_level":0.95,"lower_bound":195308.92091836734,"upper_bound":196591.54366197184},"point_estimate":195986.16077777778,"standard_error":334.4225828944212},"MedianAbsDev":{"confidence_interval":{"confidence_level":0.95,"lower_bound":2427.614688012337,"upper_bound":4303.644120943472},"point_estimate":3471.211318373684,"standard_error":484.6999344947876},"Slope":{"confidence_interval":{"confidence_level":0.95,"lower_bound":196779.1908565581,"upper_bound":199447.71493005054},"point_estimate":198016.3004250037,"standard_error":682.9622668195184},"StdDev":{"confidence_interval":{"confidence_level":0.95,"lower_bound":3516.763494000645,"upper_bound":5807.857083423191},"point_estimate":4717.878516149727,"standard_error":586.5244850501659}}