{"Mean":{"confidence_interval":{"confidence_level":0.95,"lower_bound":138800.08479682048,"upper_bound":141412.7380207941},"point_estimate":140070.91906275955,"standard_error":665.326774057039},"Median":{"confidence_interval":{"confidence_level":0.95,"lower_bound":136765.74654634582,"upper_bound":139929.03963414635},"point_estimate":137394.88874999998,"standard_error":928.2112524903173},"MedianAbsDev":{"confidence_interval":{"confidence_level":0.95,"lower_bound":4050.1371879244457,"upper_bound":8014.051142717868},"point_estimate":5291.899481258602,"standard_error":1142.8284870623172},"Slope":{"confidence_interval":{"confidence_level":0.95,"lower_bound":139205.77964970007,"upper_bound":142065.10641806357},"point_estimate":140610.1637424265,"standard_error":729.8921001534954},"StdDev":{"confidence_interval":{"confidence_level":0.95,"lower_bound":5803.883683714705,"upper_bound":7475.201935593587},"point_estimate":6698.9125857948175,"standard_error":428.4086791544039}}