{"Mean":{"confidence_interval":{"confidence_level":0.95,"lower_bound":0.10653234151710757,"upper_bound":0.1617298164975831},"point_estimate":0.1324181800031874,"standard_error":0.013778408500155652},"Median":{"confidence_interval":{"confidence_level":0.95,"lower_bound":0.11089584169800526,"upper_bound":0.1475841229116881},"point_estimate":0.13329240851967872,"standard_error":0.008467742806738286}}