{"Mean":{"confidence_interval":{"confidence_level":0.95,"lower_bound":68279.17048780888,"upper_bound":68799.85645097705},"point_estimate":68532.64218292056,"standard_error":133.03710807865232},"Median":{"confidence_interval":{"confidence_level":0.95,"lower_bound":68130.34765832106,"upper_bound":68654.29333333333},"point_estimate":68323.93833333332,"standard_error":130.78926452937526},"MedianAbsDev":{"confidence_interval":{"confidence_level":0.95,"lower_bound":768.62670508099,"upper_bound":1216.406809253017},"point_estimate":913.2234190143163,"standard_error":114.2752463399989},"Slope":{"confidence_interval":{"confidence_level":0.95,"lower_bound":68480.11385562734,"upper_bound":69106.2878829024},"point_estimate":68777.85351105857,"standard_error":159.95911305798057},"StdDev":{"confidence_interval":{"confidence_level":0.95,"lower_bound":1038.468623442077,"upper_bound":1630.2474425501323},"point_estimate":1341.932868540902,"standard_error":151.71296503800224}}