{"Mean":{"confidence_interval":{"confidence_level":0.95,"lower_bound":642184.4438934288,"upper_bound":655286.261471195},"point_estimate":648405.3470984984,"standard_error":3341.732099456446},"Median":{"confidence_interval":{"confidence_level":0.95,"lower_bound":634389.1071428572,"upper_bound":645107.0058209554},"point_estimate":638683.172439759,"standard_error":2698.660862303272},"MedianAbsDev":{"confidence_interval":{"confidence_level":0.95,"lower_bound":15649.671483233398,"upper_bound":28158.726884485644},"point_estimate":21015.96364159792,"standard_error":3097.388647490328},"Slope":{"confidence_interval":{"confidence_level":0.95,"lower_bound":641511.8361984203,"upper_bound":655650.8936371225},"point_estimate":648305.5598330131,"standard_error":3613.2542649298684},"StdDev":{"confidence_interval":{"confidence_level":0.95,"lower_bound":24990.433519275848,"upper_bound":42006.666925843114},"point_estimate":33662.04515313123,"standard_error":4407.073260598118}}