{"Mean":{"confidence_interval":{"confidence_level":0.95,"lower_bound":16049.343644962852,"upper_bound":16270.440630411931},"point_estimate":16156.158728802686,"standard_error":56.401972981647035},"Median":{"confidence_interval":{"confidence_level":0.95,"lower_bound":15947.52689937818,"upper_bound":16182.011147540983},"point_estimate":16012.902836204126,"standard_error":62.43116169608581},"MedianAbsDev":{"confidence_interval":{"confidence_level":0.95,"lower_bound":344.0811665127739,"upper_bound":555.6664761862648},"point_estimate":439.27827128257053,"standard_error":53.76138363269095},"Slope":{"confidence_interval":{"confidence_level":0.95,"lower_bound":16021.3546569092,"upper_bound":16220.664727670357},"point_estimate":16118.13725189989,"standard_error":50.85324257369553},"StdDev":{"confidence_interval":{"confidence_level":0.95,"lower_bound":439.9962048391341,"upper_bound":687.5607782216911},"point_estimate":568.1546647900279,"standard_error":63.34001276124453}}