{"Mean":{"confidence_interval":{"confidence_level":0.95,"lower_bound":3905.2568714078798,"upper_bound":3979.052319239026},"point_estimate":3939.3327514234547,"standard_error":18.871776085153112},"Median":{"confidence_interval":{"confidence_level":0.95,"lower_bound":3873.5613779527557,"upper_bound":3934.129144317112},"point_estimate":3899.7511383487126,"standard_error":19.365015052242796},"MedianAbsDev":{"confidence_interval":{"confidence_level":0.95,"lower_bound":96.85168504892478,"upper_bound":155.6011451435694},"point_estimate":129.09247020204774,"standard_error":15.280152006663183},"Slope":{"confidence_interval":{"confidence_level":0.95,"lower_bound":3894.9646738318384,"upper_bound":3946.7790123953396},"point_estimate":3920.1338911275075,"standard_error":13.223128422521679},"StdDev":{"confidence_interval":{"confidence_level":0.95,"lower_bound":120.12621864389,"upper_bound":261.10607238450854},"point_estimate":189.3487244802877,"standard_error":37.68396347252489}}