{"Mean":{"confidence_interval":{"confidence_level":0.95,"lower_bound":2946482.408203547,"upper_bound":2980700.0681516095},"point_estimate":2963129.6569352355,"standard_error":8732.242662242974},"Median":{"confidence_interval":{"confidence_level":0.95,"lower_bound":2934671.8214285714,"upper_bound":2969991.108108108},"point_estimate":2953962.9868881116,"standard_error":9219.647774768553},"MedianAbsDev":{"confidence_interval":{"confidence_level":0.95,"lower_bound":53113.467963992036,"upper_bound":83784.07782354095},"point_estimate":68930.76123014747,"standard_error":8103.547990460297},"Slope":{"confidence_interval":{"confidence_level":0.95,"lower_bound":2954466.889782433,"upper_bound":2982419.264082998},"point_estimate":2968170.372735333,"standard_error":7134.245888925569},"StdDev":{"confidence_interval":{"confidence_level":0.95,"lower_bound":67962.40058498242,"upper_bound":107217.45898998898},"point_estimate":87593.61399173582,"standard_error":10119.90670643006}}