{"Mean":{"confidence_interval":{"confidence_level":0.95,"lower_bound":-0.8790486543726391,"upper_bound":-0.8770364563778938},"point_estimate":-0.8780000118256248,"standard_error":0.0005149420320964411},"Median":{"confidence_interval":{"confidence_level":0.95,"lower_bound":-0.8780626761535407,"upper_bound":-0.8766064916259432},"point_estimate":-0.877488296809744,"standard_error":0.00038272271322130244}}