{"Mean":{"confidence_interval":{"confidence_level":0.95,"lower_bound":-0.010136176278955904,"upper_bound":0.04091986707175124},"point_estimate":0.015077855005536822,"standard_error":0.01307572994440237},"Median":{"confidence_interval":{"confidence_level":0.95,"lower_bound":-0.03325669718913682,"upper_bound":0.06776067086356158},"point_estimate":0.0033561773273289575,"standard_error":0.026398044925548158}}