{"Mean":{"confidence_interval":{"confidence_level":0.95,"lower_bound":-0.012342937712576725,"upper_bound":0.010379470873377516},"point_estimate":-0.001217423333041312,"standard_error":0.005866087766892283},"Median":{"confidence_interval":{"confidence_level":0.95,"lower_bound":-0.02950817317696164,"upper_bound":-0.0031761336163234908},"point_estimate":-0.018306186237253774,"standard_error":0.00671912932811021}}