{"Mean":{"confidence_interval":{"confidence_level":0.95,"lower_bound":81370.0254758875,"upper_bound":82679.58833894695},"point_estimate":82009.62805448132,"standard_error":334.6966283061365},"Median":{"confidence_interval":{"confidence_level":0.95,"lower_bound":80435.2638076673,"upper_bound":82100.84693084694},"point_estimate":81182.65170940172,"standard_error":450.2256101443154},"MedianAbsDev":{"confidence_interval":{"confidence_level":0.95,"lower_bound":2081.174479361578,"upper_bound":3721.8754481130272},"point_estimate":2886.4437445049007,"standard_error":439.798556097248},"Slope":{"confidence_interval":{"confidence_level":0.95,"lower_bound":81322.4240736236,"upper_bound":82455.35825588932},"point_estimate":81880.52350661013,"standard_error":289.5427633039727},"StdDev":{"confidence_interval":{"confidence_level":0.95,"lower_bound":2791.428487955483,"upper_bound":3914.903124302552},"point_estimate":3366.9413429519263,"standard_error":288.38848613391787}}