{"Mean":{"confidence_interval":{"confidence_level":0.95,"lower_bound":89121.59668320921,"upper_bound":90559.0148963974},"point_estimate":89793.8090466184,"standard_error":366.5061240806544},"Median":{"confidence_interval":{"confidence_level":0.95,"lower_bound":88642.06589147287,"upper_bound":90050.62457912457},"point_estimate":89057.20802469135,"standard_error":351.1803493175279},"MedianAbsDev":{"confidence_interval":{"confidence_level":0.95,"lower_bound":1976.9587781311304,"upper_bound":3005.33373287993},"point_estimate":2541.537152831286,"standard_error":247.29716983603706},"Slope":{"confidence_interval":{"confidence_level":0.95,"lower_bound":88990.76571007408,"upper_bound":89907.14367702663},"point_estimate":89447.47143958426,"standard_error":233.7731551852265},"StdDev":{"confidence_interval":{"confidence_level":0.95,"lower_bound":2524.498306755775,"upper_bound":5002.845777799339},"point_estimate":3697.056660036304,"standard_error":677.2285386564863}}