{"Mean":{"confidence_interval":{"confidence_level":0.95,"lower_bound":1749133.4931738165,"upper_bound":1770103.1343309057},"point_estimate":1759117.5504270813,"standard_error":5358.783075810458},"Median":{"confidence_interval":{"confidence_level":0.95,"lower_bound":1738567.6169117647,"upper_bound":1753679.0740740742},"point_estimate":1744051.69849507,"standard_error":4143.22300862716},"MedianAbsDev":{"confidence_interval":{"confidence_level":0.95,"lower_bound":19684.253435376308,"upper_bound":38420.989269506616},"point_estimate":30092.561570647096,"standard_error":4792.966714070323},"Slope":{"confidence_interval":{"confidence_level":0.95,"lower_bound":1750187.3242258388,"upper_bound":1764728.0173481042},"point_estimate":1757093.1292300872,"standard_error":3698.7131345998155},"StdDev":{"confidence_interval":{"confidence_level":0.95,"lower_bound":38234.472733890754,"upper_bound":67362.94154604117},"point_estimate":53751.46212099465,"standard_error":7471.926896499558}}