{"Mean":{"confidence_interval":{"confidence_level":0.95,"lower_bound":95687.67544907756,"upper_bound":96889.47857689137},"point_estimate":96257.20248873722,"standard_error":306.5954474544944},"Median":{"confidence_interval":{"confidence_level":0.95,"lower_bound":95271.60205831904,"upper_bound":96358.6974025974},"point_estimate":95760.73509687034,"standard_error":281.5202423658663},"MedianAbsDev":{"confidence_interval":{"confidence_level":0.95,"lower_bound":1484.310299509321,"upper_bound":2918.578779784202},"point_estimate":2329.121013754726,"standard_error":370.80507834705037},"Slope":{"confidence_interval":{"confidence_level":0.95,"lower_bound":96021.37751211022,"upper_bound":96917.1807781346},"point_estimate":96460.04573800664,"standard_error":228.57839182357114},"StdDev":{"confidence_interval":{"confidence_level":0.95,"lower_bound":2206.964912125951,"upper_bound":4044.6826818367663},"point_estimate":3083.778554555315,"standard_error":491.67532799915574}}