{"Mean":{"confidence_interval":{"confidence_level":0.95,"lower_bound":-0.047536762404160354,"upper_bound":-0.018029865231699277},"point_estimate":-0.03265169131811474,"standard_error":0.007514896778680462},"Median":{"confidence_interval":{"confidence_level":0.95,"lower_bound":-0.06382924549192892,"upper_bound":-0.017154451225463996},"point_estimate":-0.04088192290563408,"standard_error":0.012188973302538446}}