{"Mean":{"confidence_interval":{"confidence_level":0.95,"lower_bound":-0.09060664145559878,"upper_bound":-0.02643099978428738},"point_estimate":-0.05832634146188764,"standard_error":0.016360862254289326},"Median":{"confidence_interval":{"confidence_level":0.95,"lower_bound":-0.03635623043289371,"upper_bound":0.009061994861725431},"point_estimate":-0.009340096250734176,"standard_error":0.010136071327705191}}