{"Mean":{"confidence_interval":{"confidence_level":0.95,"lower_bound":-0.06780155277328981,"upper_bound":-0.026029141607466298},"point_estimate":-0.046187896950949936,"standard_error":0.010629604672633167},"Median":{"confidence_interval":{"confidence_level":0.95,"lower_bound":-0.04176368776298378,"upper_bound":-0.01063746835272527},"point_estimate":-0.024570786944663303,"standard_error":0.008252112337844569}}