{"Mean":{"confidence_interval":{"confidence_level":0.95,"lower_bound":3881.8903126474825,"upper_bound":3947.7742178073213},"point_estimate":3912.965623006946,"standard_error":16.815348144092304},"Median":{"confidence_interval":{"confidence_level":0.95,"lower_bound":3849.4934290554165,"upper_bound":3919.4971104323868},"point_estimate":3869.6669275393283,"standard_error":21.449147093922726},"MedianAbsDev":{"confidence_interval":{"confidence_level":0.95,"lower_bound":92.89740620970628,"upper_bound":151.0719959054123},"point_estimate":123.43314824877818,"standard_error":14.636893146192746},"Slope":{"confidence_interval":{"confidence_level":0.95,"lower_bound":3903.5365376576306,"upper_bound":3955.9221066235336},"point_estimate":3929.340460091434,"standard_error":13.353951076346393},"StdDev":{"confidence_interval":{"confidence_level":0.95,"lower_bound":116.2042257621715,"upper_bound":223.87498386631754},"point_estimate":168.59499759727908,"standard_error":28.523101169526463}}