{"Mean":{"confidence_interval":{"confidence_level":0.95,"lower_bound":-0.10902878230570477,"upper_bound":-0.08820237761866748},"point_estimate":-0.09851021808933891,"standard_error":0.005295037497328242},"Median":{"confidence_interval":{"confidence_level":0.95,"lower_bound":-0.09503821549579294,"upper_bound":-0.08547796303182298},"point_estimate":-0.08962708910619688,"standard_error":0.002442639509412787}}