{"Mean":{"confidence_interval":{"confidence_level":0.95,"lower_bound":2712.0526909942087,"upper_bound":2768.883690345973},"point_estimate":2738.526022584444,"standard_error":14.537829502726332},"Median":{"confidence_interval":{"confidence_level":0.95,"lower_bound":2665.0744575726094,"upper_bound":2733.6058688368867},"point_estimate":2692.313268180602,"standard_error":18.297482826784123},"MedianAbsDev":{"confidence_interval":{"confidence_level":0.95,"lower_bound":75.87001820290212,"upper_bound":141.8883779023176},"point_estimate":108.74003955441455,"standard_error":18.000998327301193},"Slope":{"confidence_interval":{"confidence_level":0.95,"lower_bound":2668.5958141334067,"upper_bound":2716.5222714150664},"point_estimate":2690.8431758003057,"standard_error":12.283982944111033},"StdDev":{"confidence_interval":{"confidence_level":0.95,"lower_bound":99.97266521145427,"upper_bound":200.88189284660297},"point_estimate":146.3487723299306,"standard_error":29.604459778790464}}