{"Mean":{"confidence_interval":{"confidence_level":0.95,"lower_bound":2723.253466010321,"upper_bound":2761.448461323708},"point_estimate":2741.864031832824,"standard_error":9.743139983840377},"Median":{"confidence_interval":{"confidence_level":0.95,"lower_bound":2727.596485510922,"upper_bound":2754.37414348711},"point_estimate":2742.5183192926534,"standard_error":7.3882933122837695},"MedianAbsDev":{"confidence_interval":{"confidence_level":0.95,"lower_bound":45.38838897610838,"upper_bound":104.13164054962327},"point_estimate":68.11642969641879,"standard_error":15.19666832960504},"Slope":{"confidence_interval":{"confidence_level":0.95,"lower_bound":2702.4828368980484,"upper_bound":2741.333897530356},"point_estimate":2721.8056556327274,"standard_error":9.913400369395603},"StdDev":{"confidence_interval":{"confidence_level":0.95,"lower_bound":76.39325367754525,"upper_bound":118.73375693918642},"point_estimate":97.72459805335428,"standard_error":10.890663511455934}}